name,rating,comment,createdAt,_id,product_id,user_id,is_positive
jht294,1,"커트러리 2세트가 필요해서 원래먹는 카누세트는 없어서 필요없는 디카페인 2세트나 시켰습니다!!옵션에서 선택해서 시켰고 원래 텀블러 많아서 사은품 없는걸로 시키는데, 커트러리 사은품 받고자 가격 더 주고 구매했습니다. 근데 아무 연락없이 텀블러로 왔네요;; 그럴꺼면 처음부터 옵션선택이 아닌 랜덤 옵션을 선택하게 했어야지 이건 소비자 기만이라 생각되는군요;; 같이 시킨 텀블러까지 졸지에 같은 텀블러가 3개나 더 생겼어요.....Q&A에서 커트러리 시킨분들의 문의에서 반품도 교환도 안된다고 배째라하다가 11번가 고객센타에 얘기하고나니 아무런 얘기도 없이 일방적으로 반품 처리되어 택배사에서 연락받았네요;;; 그게 더 화나서 리뷰 작성 하고자 반품 취소 시켰습니다!!! 매번 태풍몰에서 몇박스씩 구매하는데 저번에 유통기한 하루 남은 믹스커피 사은품 이후로 기분이가 상당하게 나쁘네요!!!!!홈플러스에서 커트러리상품 있길래 두개 다시 구매했네요~!!",,1,2,1,0
lkq1241,1,뭐죠?120개+랜덤사은품 2세트구매했는데130개짜리 두개 달랑 온건 뭔가요?그것도 따로 10개짜리 상자로 온것도 아니구130개짜리를 그냥 턱이거 예상못한 전개인데요,,2,2,2,0
rwf244,1,포장이 겉박스도 없고고 너무 무성의사네요 머 제품은 이상 없겠지만 사소한 부분도 챙길줄 아는 판매자 원합니다 별 하나도 아까워라,,3,2,3,0
rgw512,1,그냥 120개라고하면될껄사은품이라고 적어놓은이유는 뭘까?,,4,2,4,0
kkg1570,1,잘 받았습니다.이 판매자분은 구성을 참 희안하게 해놓고 판매하시네요.,,5,2,5,0
jht294,1,왜 맛이다른지 모르겠네요맨날 카누 마일드 미니만 먹는데맛도 싱겁고 향도 맨날 먹던거랑 확실히 다르고이전에 산건 150티고 이번에껀 100+30티인거만 다른데,,6,2,1,0
lkq1241,1,70개씩 140개를 샀는데 22.8월껄 보내면 어떻게합니까 정말 !!주말만 먹는데 어쩝니까 포장도 다뜯었는데 !!,,7,2,2,0
rwf244,1,배송도 많이 느리고 연락없이 사은품도 지정하지 않은게 왔어요.앞으로는 이곳에서 구매 의사 없어요.,,8,2,3,0
rgw512,1,배송도 느리고..지정하지 않는 사은품 받아 별로입니다.무엇보다 배송이 너무 느려요..,,9,2,4,0
kkg1570,1,배송이 어어어어어엄청 느립니다.... 송장은 찍혀잇는데 배송이 안옴,,10,2,5,0
jht295,1,"사은품 랜덤이란 몇 가지 중 무엇이 당첨될 줄 모르는 것이지 무슨 잣대로 그게 뭐라고 판매자 마음대로 주는 게 아니라고 저는 생각합니다.상품 설명은 애매모호하게 해놔 놓고 랜덤이라는 단어로 소비자를 우습게 아는 판매처에 놀아나기 싫어 같은 가격에 구매했으니 저도 130T 꼭 받고 싶다고 했더니 안 된다네요.처음엔 취소가 안 된다더니 갑자기 취소해 주겠다고...늦어도 괜찮으니 천천히 받겠다고 했더니 배송 집하한 상태에서 움직임없이 계속 머무르기만 하더니 갑자기 오늘 21일만에 받았어요.살다살다 판매자가 소비자를 이렇게 갈굼해도 되는지 정말 어이가 없네요.하도 속이 상해 저와 동일한 제품과 일짜에 리뷰글을 찾아보니 12분의 리뷰글이 있네요.11분이 130T 유통기한 2023.04.05 까지1분은 120T 유통기한 2022.12.13 까지120T 받은 분 리뷰글.""사은품 랜덤인데 유통기한도 랜덤인가봐요""상품 설명 글 자세히 보기 리뷰글에서 130T 받았다는 내용이 있어 그렇게 했는데 그 글을 판매자가 마음대로 지워도 되는지 모르겠네요.항의전화 하고 나니 랜덤이란 단어 빼고 정확하게 사은품 20T라고 상품 설명에는 기재되어 있더라고요.그거는 수정할 수 있는데 왜 커피는 기분 나빠 빨리 주기 싫던가요.완전 최악의 판매업체라고 생각합니다",,11,2,1,0
lkq1242,1,유통기한이 올해 12월13일입니다. 너무 짧습니다!!다른분들은 카피 추가로 왔다는데 저는 작은 머그컵으로 왔네요. 너무 작아서 별쓸모도 없네요. 문의글보면 저희보다 뒤에 주문한분도 카피 추가 증정으로 왔는데 말이죠.. 게다가 유통기한도 올해 12월로 매우 촉박하네요;; 200개를 7개월내로 마셔야하게 생겼네요. 재고떨이 제품을 받은셈이네요,,12,2,2,0
rwf245,1,골드나 블랙 색상 보내주시라고 미리 요청드렸음에도 불구하고 청개구리인가요? 화이트를 무려 2개나 보내심. 화이트만 보내달란걸로 말귀를 잘못 알아들은건지? 제가 쓴 게시글 다시 읽어봐도 오해의 소지없이 정확히 썼구만요. 블랙+골드 보내달라고요. 졸지에 현재 개시하지않은 스크랩텀블러 화이트 컬러만 3개가 되었네요. 이럴거면 120T 선택했을거임. 센스 제로. 융통성없는 판매자..,,13,2,3,0
rgw513,1,배송이 개판임. 상자아껴서 부자되세요. 그깟 상자하나에 얼마나한다고 상자도없이 보내는거야. 이딴데서는 아무리 싸도 두번다시는 안사먹음. 어차피 상자아껴서 부자될테니 걱정안해도됨,,14,2,4,0
kkg1571,1,"100스틱 x2개 샀는데, 총 200스틱이면 적어도 유통기한은 200일 이상의 제품으로 보내줘야 하는거 아닌가요. 1년전에 만들고 유통기한은 200일도 안남은 제품으로 보내주네요. 그리고 2개를 샀으면 증정품을 서로 다른 2개로 보내주는게 기본센스인데.... 증정품을 2개 다 같은거로 보내주네요. 그냥 싼맛에 사고 마십니다.",,15,2,5,0
jht295,1,"배송 ㅠ늦게 오늘건 둘째치고, 커피가 어떻게 왔길래 ...오는 길에 비오는 지역에서 물에 젖었었나봐요박스도 젖고안에 카누도 구깃 & 카누박스도 밑부분 젖어서 왔어요",,16,2,1,0
lkq1242,1,"사은품 보온병 때문에 구매했는데, 바라지도 않는 머그컵 실망~ 집에 남아도는게 머그컵 보온병 꼭 필요하다고 문의했는데, 전혀 반영도 안되고 보온병 하나라도 보냈으면 서운하지 않았을텐데, 둘다 머그컵이라 상품받고 급실망 했어요.",,17,2,2,0
rwf245,1,카누 겉상자에 테이프와 택배용지 붙여 배송 됐어요.ㅡ.ㅡㅋ겉상자뜯어 안에30개씩 들어 있는 상자 윗부분에 스크레치얼룩이 심해요.ㅡ.ㅡㅋ 왜 이런거예요??먹는제품인데...찝찝 하네요.더이상 구매 안하는 걸로...,,18,2,3,0
rgw513,1,2개 샀는데 테이프로 두개 이어 붙이고 그대로 송장 붙여 보냈네요아무리 카누 속박스 있어도 별로 튼튼한 포장도 아니라 한쪽은 배송중 찌그러져있고 너무 더럽네요. 2개 샀으면 테이프 붙일 시간에 중복되는 배송비로 비닐에라도 넣어보낼만 한데 참..,,19,2,4,0
kkg1571,1,두 개 기획세트인데 하나만 와서 미수취를 눌러놔도 연락도 없고 11번가에 월요일 수요일 연락해서 겨우 업체에서 전화왔네요 먼저 도착한 물건 사진 안 찍어놨으면 물건도 못 받을 뻔했어요 미안하단 말 한마디 못 듣고 사진으로 증명해서 추가로 하나 받았습니다. 최악이네요,,20,2,5,0
jht295,1,"커피를 많이 구입해봤지만, 별도의 박스가 아닌 커피박스 자체에 테이핑을 하고 택배라벨을 붙여서 보내는 경우는 처음입니다. 받을때부터 테이핑을 떼는 순간까지 몹시 불쾌해지네요.이 업체에서는 절대 다시 구입하고 싶지 않아요.",,21,2,1,0
lkq1242,1,유통기한이 올해 8/23 까지인 상품이 왔네요240 스틱이나 샀는데...유통기한 짧게 남은 거라고 어디 크게 표시라도 해두던가 속은 기분이네요귀찮아서 반품은 안하지만 불쾌합니다,,22,2,2,0
rwf245,1,제품 자체의 평가보단 익일도착이란 광고완 달리 일주일 가까이 걸린 점과 포장은 둘째치고 제품 자체 상태가 커피니 망정이지 터져있어 매우 아쉬웠습니다,,23,2,3,0
rgw513,1,배송송장을 상품에 떡하니.아주 불쾌. 찜찜.커피보관은 제대로하는지 의심이 듬.,,24,2,4,0
kkg1571,1,상품이 잘못 왔는데요~미니마일드를 주문했는데...다크가 왔어요~확인도 안하고 뜯어서 먹고야 알았네요....교환 가능합니까?? 한박스면 모르는데...두박스 200T나 되니...빠른 답변 주세요~^^,,25,2,5,0
jht295,1,최악의 택배배송 다른데 배송해두고 다시 배송처리해달라니 바쁘다면서 알아서 해라네요 이런 기사 첨봅니다 게다가 아침에 분명 통화까지 햇는데 최악이네요 대한통운 택배 좀 바꿧음 좋겟습니다 제품은 잘받았구요 제품은 좋아요,,26,2,1,0
lkq1242,1,제품 박스에 그대로 테이프 붙여서 배송하는건 처음 봤네요 선물하려고 했는데.. 다시 구매햐야겠어요ㅜ,,27,2,2,0
rwf245,1,커피에 김치국물이 ㅠ 어우~냄새 기분이 참 안좋네요 사은품은 왜 암것도 없는지 ㅡㅡ 맘에 안들어요,,28,2,3,0
rgw513,1,"아,,, 왜 이거두 박스가 절단난거죠카누상자도 모카마일드도 외부택배박스도 너덜좀 그르네캐쉬백포인트는 없는박스입니다",,29,2,4,0
kkg1571,1,배송느린건 어쩔수 없다고 해도상품이라도 제대로 보내줘야하는거 아닙니까아니 구매했던거 다른거 보내는건 머냐고요재고가 없으면 문자나 전화주는게 정상아님?배송늦게 겨우 받았는데 진짜 짜증나네 ㅡㅡ,,30,2,5,0
jht296,1,배송이 너무너무 느려요 ㅜ6시이전 당일 발송이라곤 하지만 그냥 송장만 뽑아 놓는듯차라리 저 당일발송문구를 빼는게 더 나을 것 같아요,,31,2,1,0
lkq1243,1,상품 관련 해서는 그다지 할 말은 없습니다. 다만 랜덤사은품으로 준다고 사이트에 나와 있는 10종류의 사은품이 아닌 티백이 낱개로 8개가 왔고 이게 사은품이 맞다는 태풍몰의 답변에 실망을 금치 못하겠네요,,32,2,2,0
rwf246,1,"vip t멤버쉽 쿠폰사용할때랑 그냥 구매할때랑 가격이 왜 틀린가요? 멤버쉽사용할땐 37천원돈, 그냥 구매할땐 34천원ㅡ.ㅡ 오천원쿠폰사용했는데 결과적으론 2천원차이밖에 안나더군요.",,33,2,3,0
rgw514,1,진짜 어이없네요.문의글에 유통기한 9월이후꺼 보내준다고 해놓고 말뿐이었네요.2021년8월23일까지네요.반품하려다 장바구니쿠폰 써서 그냥 놔둡니다.,,34,2,4,0
kkg1572,1,3+1인 120개*2 오는거아닌가요?? 1개만왓는데요..총240개 되어야 맞는거 아닌가요??,,35,2,5,0
jht296,1,"11월19일 오전에 주문을 했는데 아직 상품이 도착하지 않았습니다. 주문,배송상태는 배송완료라고 뜨는데 이건 무슨 경우인가요? 고객센터, 택배사 연락도 안되고 너무하네요.",,36,2,1,0
lkq1243,1,주문한지 일주일만에 왔고 제품 상태도 찌그러지고 터진 상태로 왔습니다,,37,2,2,0
rwf246,1,별도 포장 없이 송장만 붙여 배송해서잔뜩 구겨진 상태로 받았습니다,,38,2,3,0
rgw514,1,봉투도 없이 박스에 바로 송장 붙여 보내는건처음 봅니다 덕분에 몇년만에 리뷰도 써보네요,,39,2,4,0
kkg1572,1,택배 포장이 아 개판이군 택배 박스값 아껴서 부자되세요,,40,2,5,0
jht296,1,랜덤 사은품 주는걸로구매 했는데 다른제품 보내주시네요귀찮아서 그냥 먹습니다,,41,2,1,0
lkq1243,1,"랜던사은품 모아둔 사진에도 없는 종이컵을 보내주네요. 사용하지도 않는 종이컵을 분리수거로 내놓을수도없고, 집에 쌓아두자니 짜증나고. 저건 쓰레기입니다!",,42,2,2,0
rwf246,1,삼품이 한개만왔어요 ㅜㅜ아놔 친구가시켜준거라이번엔 두박스인걸 깜박여기서자주 사는대 개실망넘 늦게 알아서항의도 못하고 참...나...어처구니없음,,43,2,3,0
rgw514,1,사은품 세트로 주문했는데 사은품 안옴 문의글 올렸는데 어느세 구매확정이 자동으로 되어있네요 다음부터는 잘 확인해보시고 배송해주셨으면 좋겠습니다,,44,2,4,0
kkg1572,1,가격대비 쓸만한데 요즘 오픈마켓들 가격메리트 떨어져가고 있음 동네마트 행사가보다 못함 수량은 존내 마니 사게 만들어놓음서 싸지도 않은?,,45,2,5,0
jht296,1,먹는걸 포장박스 없이 제품에 바로 송장번호 붙여 보내어 불쾌했습니다,,46,2,1,0
lkq1243,1,컵으로 사은품은 받기 싫다고까지 확인했는데 커피안주고 컵 보냄. 진짜 짜증나지만 참고 마시게씁니다.,,47,2,2,0
rwf246,1,배송이 느리고 판매자 응대가 무성의,,48,2,3,0
rgw514,1,택배사 문제인지 판매자 문제인지 포장은 다 뜯겨져서 오고 받았을때 이게 과연 새 상품을 보낸건지 의심이 듬 ...,,49,2,4,0
kkg1572,1,물 줄줄 새는 텀블러는 도대체 왜 주는지 이해가 안됨. 물 한번 채워보고 바로 쓰레기통 직행. 주방세제가 아까움.,,50,2,5,0
jht297,1,랜덤사은품이라고는했지만 20T더 두팩다왔네요.30T추가로사는것보다 비싸게 랜덤으로 받았네요.,,51,2,1,0
lkq1244,1,카누선물세트랑 이번에 카누를 몇박스나 구매했는데 텀블러 그거하나 안주시나요 기분 별로네요ㅠㅠㅠ,,52,2,2,0
rwf247,1,240개라고 써있어서 랜더 사은품이 카누 20개인줄 알았더니 보틀이네요ㅜㅜ,,53,2,3,0
rgw515,1,아니 다 좋은디 그냥 커피 그대로 택배송장 붙여보낸것은 좀 심하네요 ㅋㅋㅋㅋㅋㅋㅋㅋㅋ당황쓰,,54,2,4,0
kkg1573,1,사은품을 랜덤으로 보내실꺼면 선택을 안하도록 하는게 맞다고 봅니다.,,55,2,5,0
jht297,1,1년도 안남은 상품이네요 좋아하는 커피지만 8개월 남은제품이라. 아쉽습니다,,56,2,1,0
lkq1244,1,배송을 몃칠을하는지 ㅡㅡ 더럽게오래걸리네요쩜 싸게산다고 더럽게느림,,57,2,2,0
rwf247,1,원래 먹던거라 다른건 문제없는데택배가 어마어마하네요....정말,,58,2,3,0
rgw515,1,선택옵션과 다른 제품이 도착함. 제 멋대로 옵션을 선택해서 배송함.,,59,2,4,0
kkg1573,1,커피를 한번에 그렇게 많이 샀는데도 텀블러 하나 안주시네요ㅠㅠㅠ,,60,2,5,0
jht297,1,유통기한 6개월 남은게왔어요.몇달전에 산거보다 짧으네요,,61,2,1,0
lkq1244,1,다 박스 찌그러져오구 사은품도 별루!!!,,62,2,2,0
rwf247,1,사은품은 안주고 가격을 내렸으면 좋겠네요,,63,2,3,0
rgw515,1,다시는 11번가에서 사고 싶지 않아요~,,64,2,4,0
kkg1573,1,머그컵 때문에 주문했는데 텀블러왔네요,,65,2,5,0
jht297,1,다 찌그러져서 왔는데 기분이 안좋네요,,66,2,1,0
lkq1244,1,배송 일요일주문해서 금요일받았네요,,67,2,2,0
rwf247,1,최고예요 싸게 샀어요 괜찮네요 빨라요,,68,2,3,0
rgw515,1,가격대비 쓸만합니다 아주 좋진 않고요,,69,2,4,0
kkg1573,1,가서그냥사길권고 배송진짜느림,,70,2,5,0
jht298,1,사은품 정말 꽝 ㅠ,,71,2,1,0
lkq1245,1,당일출고 안지킴,,72,2,2,0
rwf248,1,지금까지 11번가에서 이런적은 없었는데 배송 정말..마음에 안들었네요 이 제품 박스는 이 모양으로오고 그 동시에 모카골드 구입했는데 그 제품은 아주 멀쩡하게 왔네요 배송만 최악이였어요,,73,2,3,0
rgw516,1,별로예요,,74,2,4,0
kkg1574,2,"하여간 배송이 문제임. 배송이 왜케느린건지 모르겠음. 커피마시려고 주문한건데, 차라리 내가 커피농장에가서 커피콩을 따오는게 나았을까 싶을정도로 긴 기다림끝에 배송받음. 커피는 맛있음. 배송이 느려서 그렇지. 오래기다려서 그런지 더 맛있음. 달콤해. 늘 새로워. 배송은 느림.",,75,2,5,0
jht298,2,제품 저렴하게 샀다고 생각했는데유통기한 너무 짧네여. 유통기한 임박제품 치고는 비싼 가격으로 생각됩니다. 240t를.구매했는데 남은기간이 6개월도 안되네요해당 정보는 구매시 필요한 정보니 본문에 기재하심이 좋을것같습니다,,76,2,1,0
lkq1245,2,"오후 6시까지 주문하면 당일 발송이라더니9일 주문하고 14일에 받았어요.당일발송이란 표기는 하지 마세요.카누는 여름용 아이스블렌드와 시그니처만 먹는데여기는 두 박스씩만 있어 어쩔 수 없이 두 개를 샀네요.다크는 먹던 게 있어서 미디엄으로 선택했구요.패들 상품으로 시그니처 블랙 머그가 증정품이네요.다크는 뚜껑없는 롱 스텐 머그가 증정이었는데미디엄 증정품은 뚜껑있고 높이가 낮은 400ml 머그입니다.개인적으론 미디엄에 오는 뚜껑 머그가 더 맘에 드네요.그리고 별도 증정품으로 도자기 소재의 시그니처 머그와 트레이 세트도 있네요,평소에 뜨거운 커피를 안마셔서 쓸 일은 없겠지만뜨거운 커피를 즐기는 분들은 유용할 것 같아요.유통기한도 23년 6월 29일로 양호합니다.무책임한 배송이 상품의 장점과 만족도를 다 깎아먹네요.개선하세요!",,77,2,2,0
rwf248,2,세일행사때 주문한거지만 이렇게 유통기한 짧은거 온적은 첨이라 매우 실망스럽네요그리고 더 기분이 나쁜건 물건포장을 ?ㆍㆍ진짜어이가없네요이시기에 이렇게 보내주신게 최선이었는지 ㆍㆍㆍㆍ최악의 포장상태로 물건받아서 실망입니다,,78,2,3,0
rgw516,2,상품 주문하고 문제가 생겨 배송은 일주일 넘게 걸렸고상품 받고 유통기한을 봤는데 제 눈을 의심했습니다..지금 5월인데 8월까지라뇨.. 3개월도 안남았네요..140개. 1일 2개씩 빠짐없이 먹음 먹을수있을까요?커피를 즐기려고 먹는게 아니고 의무처럼 먹어야겠어요,,79,2,4,0
kkg1574,2,저렴하게 구입했는데 유통기한이 짧은것같네여 유통기한가까운제품은 솔직히 싫은데 쩝,,80,2,5,0
jht298,2,일주일 기다려서 받았어요. 너무 한곳에서 안움직여서 분실인줄 알았습니다. 처음 이용도 아닌데 이런경우는 또 처음이에요,,81,2,1,0
lkq1245,2,생각보다 배송이 느리고 텀블러는 귀엽네요,,82,2,2,0
rwf248,2,커피를 한꺼번에 받지 못 했네요따로...덤으로 좀 더 챙겨 주시지시스템구조가 그런건지구매자 실수땐 얄짤없느것 같더니늘 판매자 실수땐 그저 구매자가 기다렸다가 받아야 하네요그래도 태풍몰이 저렴하니 또 구입하게 되겠죠,,83,2,3,0
rgw516,2,박스포장도 없고 저대로 테이핑해서 보내는게 말이 되나요?선물할거였는데 이게 무신ㅡㅡ태풍몰에서 여러번 주문했었지만 이런경우는 첨이네요무슨 쓰레기받은거같은 기분이네요박스 완전더럽고 찌그러지고짜증납니다,,84,2,4,0
kkg1574,2,사은품을 두개다 컵이랑 소서를 주셨네요 ㅜㅜ 제조사는 정말 생각없이 제품 구성하네요. 진짜 센스가 없으신건지 재고가 그것만 남으셨는지 배송도 좀 느리고요,,85,2,5,0
jht298,2,하....배송빠르면 뭐하나요 매번주문하던곳이라서 주문했더니 상품 다찌그러져서 커피스틱 다튀어나왔네요ㅡㅡ배송신경좀 써주세요,,86,2,1,0
lkq1245,2,매달 태풍몰에서 카누 구입하는데 최근 몇달동안 배송이 넘 느리네요. 빨라야 결제일 제외3일 걸려요. 담엔 다른곳으로 변경해야겠어요.,,87,2,2,0
rwf248,2,박스 포장이 꼭 필요합니다. 배송시 파손으로 교환 받는데 10일 정도 걸렸습니다. 자주 이용하는데 이번에는 너무너무 실망스럽네요,,88,2,3,0
rgw516,2,"늘 쟁여두고 먹고 있습니다.배송이 일주일이나 걸려서 받게 되어, 불편했습니다.",,89,2,4,0
kkg1574,2,많이 시켰는데 유통기한이 3개월 전에 시킨 것보다 더 짧아요 ㅠㅠ,,90,2,5,0
jht299,2,두박스 랜덤사은품했는데ㅜㅜ두개 동일한게 왔어요 종류만 좀 다르게해주시지ㅜㅜ실용성을 따를까하다 둘중 하나는 괜찮은게오겠지 하며 주문했는데 두박스동일한게 오네요ㅜㅜ,,91,2,1,0
lkq1246,2,배송도 빠르고 가격도 좋았지만포장이 너무 중국스럽네요박스라도 써주시지 그냥 2박스를 테이프로..테이프 뜯다가 껍데기가 다 까져서 사무실에 두기도쪼금 그렇네요,,92,2,2,0
rwf249,2,배송이 5일 정도 걸렸습니다. 요즘 같은 때면 매우매우 느리네요,,93,2,3,0
rgw517,2,다른데보다 유통기한 최신이 올줄알고 주문했는데 이구성 상품은 더짧네요;;,,94,2,4,0
kkg1575,2,전년도 재고소진 하시나봐요. 유통기한이 반년정도 밖에 남지 않은 제품 입니다 사은품도 작년거에.. 실망스럽습니다,,95,2,5,0
jht299,2,빠른 배송 감사하나다른 제품은 유통기한 넉넉한데카누만 유통기한이 너무 짧아요두통이나 샀는데 올해 11월까지임--;,,96,2,1,0
lkq1246,2,금액은 싸나 같은 사은품 4개 부탁하는 글까지 남겻는데 대박..ㅇ 한개라도 다른거 주면 큰일 나시죠!!!!!,,97,2,2,0
rwf249,2,두박스나 주문했는데 유통기한이 짧네요부지런히 먹어야 겠어요텀블러는 두개 똑같은거 보내셨네요흠...,,98,2,3,0
rgw517,2,랜덤 사은품이 안왔어요,,99,2,4,0
kkg1575,2,로스트를 마시다가 다른것도 마셔볼려고 구매했는데 맛과 향이 탄것같아서 별로....,,100,2,5,0
jht299,2,다 좋은데 제품에 운송장 붙여서 오는게 ㅋㅋㅋㅋㅋ헉스럽네요 조금... 박스없이... 찜찜해요,,101,2,1,0
lkq1246,2,커피는 텀블러맛으로 사는데 컵만두개가와서 완전 깜놀했네요 다음부터 꼭 오프라인에서사야겠어요,,102,2,2,0
rwf249,2,겉포장도없이 제품에 송장붙혀서 배송. 현관앞 땅바닥에 놓고갔네요. 기분별로임,,103,2,3,0
rgw517,2,유통기한이 2020년 3월이네요 두통이나샀는데...그리고 배송도 느리네요,,104,2,4,0
kkg1575,2,사은품으로 컵이 왔는데 깨져서 왔어요 그나마 한개만 깨져서 그냥 쓰기로 합니다,,105,2,5,0
jht299,2,당일이라더니 너어무 늦게 왔어요!!!! 너어무 너어무 늦게 늦게~~~~,,106,2,1,0
lkq1246,2,포장이.. 좀 너무하네요. 케이스두개에 테이핑하고 송장 붙여서..,,107,2,2,0
rwf249,2,텀블러 갖고싶었는데 머그컵이 왔어여 두개나 샀는데 짜증ㅡㅡ,,108,2,3,0
rgw517,2,고정이 잘 안되고 이 모델로는 카바가 종류가 없내요 좀 실망임,,109,2,4,0
kkg1575,2,랜덤이긴 하지만 똑같은 제품은 쫌 아니지 않나요...,,110,2,5,0
jht300,2,배송은 무척 빠르고 한데 유통 기한이 짧아 아쉽네요.,,111,2,1,0
lkq1247,2,사은품이 완전 별루. 2개 구매 했는데... ㅠㅠ,,112,2,2,0
rwf250,2,컵만 두개 ;; 걍. 사은품 빼고. 커피를.주세요,,113,2,3,0
rgw518,2,상품박스포장이 엉망이네요사은품도 구려요,,114,2,4,0
kkg1576,2,사은품 주는줄 알았는데 안주셨네요 ㅜㅜ,,115,2,5,0
jht300,2,항상 카누 구매합니다 감사합니다,,116,2,1,0
lkq1247,2,배송이 너무 느리네요.,,117,2,2,0
rwf250,2,유통기한이 짧네요ㅠㅠ,,118,2,3,0
rgw518,2,박스포장이 아니네요!,,119,2,4,0
kkg1576,2,포장상태 최악입니다.,,120,2,5,0
jht300,2,포장이 조금 심하네요,,121,2,1,0
lkq1247,2,배송이 너무 느려요.,,122,2,2,0
rwf250,2,배송 너무 느려요.,,123,2,3,0
rgw518,2,배송이 늦었어요.,,124,2,4,0
kkg1576,2,뭐그냥..,,125,2,5,0
jht300,3,십일절날 세일해서 저렴하게 잘 샀습니다커피박스 그대로 포장해서 왔는데 안 찢어져서 와서 다행이네요유통기한은 10월까지라 커피240개 주문했는데 빨리 먹어야겠네요 배송은 빠릅니다,,126,2,1,0
lkq1247,3,항상 먹는 커피에요. 인스턴트 커피는 맥심이 최고죠~ 맛도 좋고 유통기한도 길어요. 배송도 빨랐어요. 배송상태는 포장박스가 다 구겨지고 너무 안좋았어요.,,127,2,2,0
rwf250,3,유통기한은 길지 않아요상자없이 상품에 바로 송장 붙어와요,,128,2,3,0
rgw518,3,배송은 보통이구요. 물건은 잘 받아서 열심히 먹고 있습니다. 카누가 젤 맛난거 같아요,,129,2,4,0
kkg1576,3,설마 다이어리가 두개일줄이야ㅠ 이미 하나 일부러 골라서 받았는데 올해다이어리를 세개나 어디다 쓸까싶네요ㅜ 설마 다이어리만 두개줄줄은 상상도못했네요 그냥 고를것을 쪼끔 싼가싶고 사은품은 머그아니면 보온병이니까 비슷하겠지 했다가 망해쓰요ㅋㅋ다이어리를 생각못했네요ㅜ,,130,2,5,0
jht301,3,항상마시는커피라주문했어요 배송은빠른편아닙니다 갈수록커피값행사잘안하네요 비싸서좀가격부담,,131,2,1,0
lkq1248,3,카누가 젤 입에 맛고 깔끔하니 좋아요~~~ 사은품 커피로 더주세요~~~^^,,132,2,2,0
rwf251,3,가격은저렴하게구매했는데유효기간이10개월뿐이라니ㅠㅠ부지런히잘먹을께요.,,133,2,3,0
rgw519,3,유통기한이 이번년도 까지 인걸 보내주셨네요. 혼자 마시는거라 일부러 유통기한 긴거 보내달라고 했는데 답변은 형식적으로 하나봄,,134,2,4,0
kkg1577,3,항상 마시는 카누인데 사은품 없이 커피가 더 있어서 좋아요,,135,2,5,0
jht301,3,항상 느끼는 것이지만 사은품 차곡차곡 쌓여서 짐이 될 정도입니다. 그냥 가격이나 카누로 조정되면 더욱 좋겠습니다.,,136,2,1,0
lkq1248,3,카누에무슨상품평이필요할까요좋아요~세상에서가장작은카페,,137,2,2,0
rwf251,3,카누 잘받았습니다. 사은품이 머그컵이여서 아주 좋아요. 잘받았습니다.,,138,2,3,0
rgw519,3,카누 맛있고 좋은데 사은품좀 없애고 가격내려주요,,139,2,4,0
kkg1577,3,회사에서 카누만 찾아서 가격이 괜찮아서 샀어요 배송은 빠르지 않았어요,,140,2,5,0
jht301,3,좋아하는 커피를 저렴하게 구입해서 좋긴한데 포장없이 판매박스 그대로 배송되었네요. 박스도 아래부분이 살짝 찢기고배송시 박스가 많이 파손되면 바로 커피가 쏟아질텐데 넘 성의가 부족한듯 하여 별 두개 뺐네요,,141,2,1,0
lkq1248,3,맛이야 카누 맛이겠는데 배송이 오래 걸렸어요. 17일에 샀는데 21일에 도착했어요. 중간에 공휴일 하루 있었고요. 저 3+1이라고 써진 박스 안에 30입짜리 상자 4개가 들어 있는 형태여서 따로 택배박스에 배송 오지 않는 것 같아요. 4개씩 들어있는 상자는 멀끔하게 잘 왔어요. 가격은 장바구니 쿠폰까지 써서 삼만 몇백원에 샀어요.,,142,2,2,0
rwf251,3,가장 간편하고 쉽고 빠르게 물 끓이기도 귀찮를 때 생수병에 커누 2~3개 털어 넣고 흔들어 마시는 것입니다. 따뜻한 물에 타 먹는 것과는 또 다른 맛를 느낄 수 있습니다 . 인스턴트 커피 아메리카노 종류 중에서는 먹어본것 중에 가장 좋은거 같고요. 비싼건 안먹어봤어요 ^^,,143,2,3,0
rgw519,3,2월4일240개33410원에주문해서 그담날받았어요 유통기한은1년정도남은거루왔구요 커피는그닥 단거조아하지않아 늘요거루 쟁겨두고먹구있어요 어떤때질리기도합니다만....음식달게먹구난후 깔끔하구조아요,,144,2,4,0
kkg1577,3,가격대비 괜찮아요 부담없어 많이 샀어요 ㅎㅎ 배송이 빨랐습니다 잘쓰겠습니다 그런데 사은품으로 커피 준다셔서 주문했는데 텀블러만2개 들어있네요 공지사항과 달라서 실망했슷니다 지키지 못할 공지는 왜올린건지 모르겠네요,,145,2,5,0
jht301,3,7월11일 오후 1시 즈음 주문해서 12일 오후 2시 전후로 수령했습니다. 배송은 매우 빠른 편입니다. 카누 미니 다크로 100T 2세트 주문했고 사은품을 보온병을 받기가 너무 싫어서 다른 걸 보내주십사 부탁드렸는데 원터치보온병 똑같은 걸로 2개가 도착했네요. 적어도 다른 종류로 섞어 주셨으면 좀 나았을텐데..다른 판매처에서 사은품을 선택하여 구매할 수도 있었는데.. 거기서 살걸 하는 후회가.. 카누를 매번 온라인으로 구입하다보니 카누 보온병이 차고도 넘쳐서 어찌할 바를 . ...혹시나 판매자 분께 부탁드려서 다른 사은품을 받을 수 있을까 하는 분들은 기대하지 않으시는 편이 좋을거 같습니다.,,146,2,1,0
lkq1248,3,늘 카누만 먹어서 태풍몰에서만 세번째인가 네번째 시키는데이런 상태로 온 건 처음이네요.상자에서 빠지지 않아서 다 찢어서 뜯어야 할 정도였어요.제품에 이상은 없지만 배송 신경써 주세요.택배 기사님 잘못일 수 있지만암튼 주의 부탁드려요.무슨 쓰레기인줄 알고 버릴 뻔 했네요.,,147,2,2,0
rwf251,3,회사에서 소비가 많아서 매번 여기에서만 구매하고 있는데 커피에는 문제가 없는데 사은품 품질이 매우불량하네요 뚜껑도 삐뚤게 닫아지고 뚜껑안에 있는 고무패킹도 불량이네요 이왕 주실거면 좋은품질의 사은품을 주시면 좋겠네요 사은품 보고 구매하시는분들도 계실테니까요 이번 사은품은 최악이네요,,148,2,3,0
rgw519,3,배송도 빠르고 할인 한 가격에 구매해서 만족했어요. 그런데 아침에 텀블러 쓸려고 열어보니 하나가 고무패킹이 없어서 사용을 하지 못 했어요. 사은품 불량도 불량인데 교환이나 별도 배송이 안 된다는건 좀 말이 안 되는거 같아요.사은품 구성은 가격 차이가 분명히 있잖아요.,,149,2,4,0
kkg1577,3,가격 행사해서 구매했는데 날짜도 그닥 길지 않고 이런건 고지 해줘야 감안하고 구매하죠. 받아보니 박스포장도 따로 안되고 상품박스에 테잎 붙이고 그 위에 송장 바로 붙여 보냈네요. 선물 보내는 거였다면 어쩔;; 쟁여 두려고 더 구매했음 큰일 날뻔했네요!!,,150,2,5,0
jht302,3,태풍몰에서 믹스커피 4박스 메밀차 2박스 카누2박스 구매했는데..모두 한박스에 담겨 배송되었는데..카누만 한박스 누락되어 늦게 받았네요..문의사항에도 올리고 판매자랑 통화도 해서 배송완료까지 거의 이주정도 걸린거 같네요.. 포장시 다량구매건은 꼼꼼히 확인하시고 포장부탁드려요..,,151,2,1,0
lkq1249,3,가장 자주 마시는 인스턴트 커피이고요. 계속 구매 하게 되네요. 아케리카노 인스턴트 커피 제가 마셔본것중에는 그래도 괜찮은 맛이고 가장 가까운 맛인듯 합니다. 비싼건 마셔보지 않아 잘 모르겠습니다. 지극히 개인적인 입맛입니다. 카누로 요즘 달고나 커피 도전 많이 하던데 한번 해봐야 겠습니다.,,152,2,2,0
rwf252,3,늘먹던거라 맛평가는 뒤로하고 카누미니 200개 샀는데 어마어마한 크기의 상자에 놀랐네요. 열어보고 다시한번 몰랐네여. 종이컵 200개의 랜덤 사은품이라니.. ㅠ 일회용품자제하자고들 난리인데 일회용 종이컵을... 랜덤으로 온거라 받긴하겠는데 이런건 사은품에서 빼야하지않나싶네요.,,153,2,3,0
rgw520,3,유통기한이 22년 6월까지네요2통이나 시켰는데 부지런히 마셔야겠어요사은품있는걸루 주문했는데사은품이 2개다 안왔네요집에 텀블러랑 컵이 너무 많아 아깝지는 않지만 그래두 좀 아쉬운맘이 드는건 어쩔수 없네요유통기한이라도 길었으면 좋았을텐데...,,154,2,4,0
kkg1578,3,"제품에 송장만 붙여서 바로 발송하셨네요. 포장을 최소화하여 환경보호에 앞장서는 모습 참 좋습니다.박스가 테이프로 꽁꽁 싸매여있어서 커피를 꺼내기까지 정말 그지같았지만, 환경보호를 위해서라면 이정도 수고는 견뎌내야겠지요. 많이 파세요^^",,155,2,5,0
jht302,3,설마했는데 지난번에 받았던 작은 블랙머그컵 쟁반셋트가 왔네요 다른걸로 받았으면 했는데.. 요청글 남겼어도 임의배송이라 어쩔수없다는 답변만 있겠지만.. ㅠㅠ 많은 사은품중에 똑같은게 왔는지 담번에 요청글 남겨야겠어요,,156,2,1,0
lkq1249,3,가격과 배송은 너무 착하고 빠릅니다..근데 판매자님이 박스에 넣지도 않으시고 본품 두개를 테이프로 붙여서 그대로 보내셨네요..상품 받고 매우 황당했습니다..사진을 찍어서 올리려다가 택배 주소에 제 개인정보가 노출될까봐서 글로만 올립니다..조금더 신경 써서 박스하나에 포장해서 보내주셨으면 합니다..,,157,2,2,0
rwf252,3,여기 상품평보니 디카페인은 남아있는게 전부 플러스20티 인듯. 있다면 그래도 하나는 텀블러든 머그컵이든 넣어줘야지 너무 하네. 아님 일부러120티부터 재고떨이중. 그냥 120티로 올리지,,158,2,3,0
rgw520,3,좀 늦게 도착 했습니다. 오늘배송 예정만 이틀 후에 받았고요. 얼마나 굴렸는지 흙먼지만 잔뜩 뒤범벅이 되서 그 자리에서 바깥 상자 버렸고요. 요즘 더워서 찬물에 타 먹게 되는데 녹이는게 귀찮아서 생수병에 카누 몇봉지 털어 넣고 흔들어 마시는게 제일 좋내요. 그래서 그런지 좀거 마시게 되는것 같습니다,,159,2,4,0
kkg1578,3,제가 항상 커피는 카누미니마일드를 먹어서 이번에 240개를 한꺼번에 주문했는데.. 지금까지 받았던 카누들은 유통기한이 넉넉했는데 이번꺼는 8월까지라서 7개월밖에 남은 기한이 없네요??????? 기한 안에 다 못먹을거 같은데요,,160,2,5,0
jht302,3,계속해서 구입하는 제품인데..세일하나 싶어서 구입했어요..유통기한이 9월까지인데 너무 많이 샀나봐요ㅜ사무실에서 이용하시는 분들은 좋을것 같습니다.개인은 좀..유통기한의 압박이 있네요,,161,2,1,0
lkq1249,3,늘 먹는 제품인데 롯데택배 파업으로 저희지역이 배송이 안된다고해서 타지에 있는 가족집으로 보내서 아직 못받았네요 근데 다른데서 구매한 츄리닝바지는 롯데택배인데 집으로 오더라구요? 뭔가 번거롭게 돼서 별하나뺐어요,,162,2,2,0
rwf252,3,사은품이 랜덤이란건 아는대 같은 상품으로만 네개를 그것도 색도 같은것으로 주는건 좀 아닌거같아요 아예 써있지 않아 무엇인지 모르는 사은품도 아니고 뻔히 보이는대... 네가지 다 다른걸로 줄수는 없어도 최소한 네개중에 두가지는 섞어서 줬으면 좋겠네요,,163,2,3,0
rgw520,3,다음주 초쯤 도착할거라 예상했는데 빨리 도착했어요. 그런데 제가 집에 있어서 다행이었지만 초인종 한번 누르고 문앞에 그냥 두고 가서 황당했어요. 외출해서 아무도 없었으면 누가 집어가도 몰랐을뻔.롯데(현대)택배인데 다음부턴 이런일이 없었으면 합니다.,,164,2,4,0
kkg1578,3,그동안 태풍몰만 이용했는데 이번엔 배송이 밀려서 주문한지 7일만에 왔네요 .. 밤 늦게까지 수고하시느라 충분히 이해갑니다.. 그런데 한달전 구입해서 보내주셨을때보다 이번제품이 유통기한이 더 짧네요? 다음엔 신경 써주시기 바랍니다.,,165,2,5,0
jht302,3,자주 이용하는 상품이라서 별다른 문제는 없지만...랜덤사은품 땜시 ....ㅜㅜ텀블러도 아니고 머그컵 2개...헉...,,166,2,1,0
lkq1249,3,마트에서 보던 상품박스 그대로 배송되서.놀랬네요많이 더러웠어요안에 6개.낱개로.박스포장.되어있어서.다행이네요,,167,2,2,0
rwf252,3,블랙커피는 아메리카노 맛과 비슷핫 카누를 삽니다.다른 제품들도 마셔봤는데 카누가 제일 비슷해요,,168,2,3,0
rgw520,3,마일드2개샀는데 다크가왔어요 교환귀찮아서걍먹어여 기분이 다크해지네여,,169,2,4,0
kkg1578,3,저렴하게 잘 샀는데 배송중에 문제가 있었는지 테이프가 덕지덕지하고 ㅠㅠ 많이 구겨졌어요 그래도 도착했네요,,170,2,5,0
jht303,3,싼값에 구입하긴 했는데 유통기한이 생각보다 짧네요 그점이 조금 그렇네요...,,171,2,1,0
lkq1250,3,카누 맛은 항상 믿고 먹어요.유통기한이 너무 짧은거 주셨어요.,,172,2,2,0
rwf253,3,가격은 괜찮은데 유통기한은 내년 초반까지이고 배송포장이 없어서 당황했어요 그냥 그대로 보내주시네요 박스가 아깝다는 생각을 하기는 하지만 무튼 잘받았어요,,173,2,3,0
rgw521,3,유통기한이 너무 짧아요~이전에 주문했던 카누 유통기한보다 짧네요ㅠㅠ,,174,2,4,0
kkg1579,3,배송은 그럭저럭 빠른편이였고.. 물품도 제대로 받았습니다. 가격적인 면에서는 그냥 보통입니다.,,175,2,5,0
jht303,3,쿠폰이용해서 저렴하게 산거같아요 오랫동안 먹을수 있겠어요 매일 먹던거라 떨어지지안게 ..,,176,2,1,0
lkq1250,3,비닐이나 상자도 없이 상품2개를 박스테이프로 이어붙이고 택배스티커붙여 왔네요.너무나 대충 포장된상태 놀라웠습니다.재구매의사 없습니다.,,177,2,2,0
rwf253,3,랜덤사은품은 아닌거같네요 어차피 구매가격에 포함되는 사은품이라면 소비자가 갖고자하는 사은품 선택할수 있게 해주는게 타당하다 생각합니다,,178,2,3,0
rgw521,3,다른데 주문취소하면서 여기서 주문했은데 그냥 다른데서 주문할것 문의글에 부탁까지했은데 이싱한쟁만에 작은컵하나있은것 안주니 못하네요 다음부터 여기서 주문안할레요,,179,2,4,0
kkg1579,3,사무실에서 항상 카누 마시는데 저렴하게 잘 구매했습니다. 다 마시면 재구매할게요.,,180,2,5,0
jht303,3,아무리 랜덤이라지만 또!!! 텀블러네요..그것도 두개다~~ 그나마 위안이라면 텀블러색이 다르다는점~ㅠㅠ 텀블러 장사를 해야하나~~고민들어가네요..ㅠㅠ,,181,2,1,0
lkq1250,3,"빠르게 배송되었으나 박스도 없이 커피 2개 테이프로 붙이고 그위에 그냥 송장붙여 오네요,,,,,",,182,2,2,0
rwf253,3,적당한 가격에 간편하게 맛있게 먹을 수 있어서 좋아요.,,183,2,3,0
rgw521,3,2세트를 주문했는데 판매자 실수로 1세트만 보내서 1세트 먼저받고 4일뒤에 나머지 1세트 받았네요~^^,,184,2,4,0
kkg1579,3,ㅋㅋㅋ카누야 뮈~공유땜시 유지맛은 다아는 맛이고이번건은 추석에 팔고남은상품조금이라도 싸면 좋죠뭐,,185,2,5,0
jht303,3,커피는 잘 배송되어졌지만 사은품으로 딸려온 컵이 깨져서 배송되어졌네요..,,186,2,1,0
lkq1250,3,저렴히 구입해서 조아용 저렴한이유에서인지 겉박스없이 온게 흠이긴하네요 그래도 안전히 받았습니다ㅎ,,187,2,2,0
rwf253,3,배송 엄청 빨라서 좋네요. 매번 삽니다. 저렴한 편인듯,,188,2,3,0
rgw521,3,1+1이라서 넘 넘 좋았는데 사은품이 텀블러 맘에 들었는데 같은컬러로 보내는건 쫌...,,189,2,4,0
kkg1579,3,상품구매시 사은품 랜덤으로 발송하잖아요.. 사은품 보다는 커피가 있었으면 좋겠어요..,,190,2,5,0
jht304,3,평소엔 늦어도 이틀이면 왔는데.... 4일이나 걸렸어요.... 그래도 맨날 먹는거니.... 만족합니다.,,191,2,1,0
lkq1251,3,보온병이라...다른사은품이었음좋았을텐데..그래도 카누는 좋습니다.,,192,2,2,0
rwf254,3,포장에 신경좀 더 써주셨으면 좋겠어요.커피상자에 그대로 송장붙어서 왔네요..,,193,2,3,0
rgw522,3,사은품을 각각 다른 종류로 주셨다면 더 좋았을텐데 하는 아쉬움이 있습니다..ㅠㅠ텀블러ㅠㅠ,,194,2,4,0
kkg1580,3,왜 100T 묶음으로만 판매되는지 모르겠지만 이번 사은품은 컵과 받침인데 꽤 사용성도 좋고 이쁩니다.,,195,2,5,0
jht304,3,항상 먹던제품 조금 저렴한 가격에 구매했네요 감사합니다 ~,,196,2,1,0
lkq1251,3,머그앤코스터 회색컵으로 두개왔어요 텀블러 원했지만 컵도 예뻐서 좋아용,,197,2,2,0
rwf254,3,사은품 안주고 커피나 한5개더줬으면 정말 좋을것같아요ㅎㅎ,,198,2,3,0
rgw522,3,사은품 원터치보온병은 그냥 케이스없어 왔네요 선물하려고 산건데....,,199,2,4,0
kkg1580,3,사은품없이 커피로만 구성된걸 선택할수 있어서 좋아요!,,200,2,5,0
jht304,3,맛은 좋아요~~아메리카는 카누가 제일 나은 것 같아요^^,,201,2,1,0
lkq1251,3,끝맛이 텁텁하다 그리고 찌거기처럼 잔여앙금이 희미하게 있다,,202,2,2,0
rwf254,3,배송도 빠르고 만족합니다. 사은품도 좋고 다음에 또 이용하고 싶네요,,203,2,3,0
rgw522,3,사은품 원터치보온병은 그냥 케이스없어 왔네요 선물하려고 산건데,,204,2,4,0
kkg1580,3,유통기한은 그렇게 길지 않음,,205,2,5,0
jht304,3,유통기한이 1년이 안돼네요,,206,2,1,0
lkq1251,3,빠른배송 감사드립니다,,207,2,2,0
rwf254,3,빠른배송 감사드립니다,,208,2,3,0
rgw522,3,박스없이 테이핑해서 보내줘서 박스가 좀 더럽단생각이..에잇 박스 빨리버려야겠어요 바이러스때메 예민한데,,209,2,4,0
kkg1580,3,잘 받았어요 원하는 텀블러는 못 받았지만... 원래 랜덤이었으니..뭐....... 무튼 잘 마실게요,,210,2,5,0
jht305,3,"배송은 빠르고 좋은데 카누 미니 ' 다크 로스트' 로 주문했는데, 3개가 다 '마일드 로스트'로 왔네요... 교환하기 번거로워서 그냥 먹지만, 다음부터는 좀 신경써서 보내주세요.",,211,2,1,0
lkq1252,3,분명히 120T*2개 를 주문했는데 왜 100T*2개+사은품이 왔는지. 이런 것도 속이나요,,212,2,2,0
rwf255,3,늘 이용하던거라서 재구매했어요~ 배송도 빠르고 사은품도 센스있게 다른거 챙겨주셔서 좋아요 ㅎ,,213,2,3,0
rgw523,3,11일절에 구매해서 오늘도착배송은 별로네요 저렴하긴 함,,214,2,4,0
kkg1581,3,사은품 텀블러 부탁한다고 메모남겼는데 챙겨주셔서 감사합니다 ㅎㅎ,,215,2,5,0
jht305,3,잘받았습니다~ 사은품도 센스있게 두개 다른걸로 챙겨주셨네요ㅎㅎ,,216,2,1,0
lkq1252,3,자주시키는데 빨라서 좋아요 다음에도 빠른배송 부탁드립니다,,217,2,2,0
rwf255,3,배송 많이 느려 별점 빼요. 가격 착함!! 많이 파세요~^^,,218,2,3,0
rgw523,3,잘 받았습니다. 물건 이상없이 잘왔네요. 많이파세요.,,219,2,4,0
kkg1581,3,유통기한 2020.11.30맘에 안들어욤...,,220,2,5,0
jht305,3,ㅑ갠춘해요싸게샀어요배송도 빨라서 좋아요 ㅎ ㅎ,,221,2,1,0
lkq1252,3,카누미니다크여기가가장싸서여기서삽니다,,222,2,2,0
rwf255,3,그냥 그래요 11번가는 괜찮아요,,223,2,3,0
rgw523,3,유통기한은 그렇게 길지 않음,,224,2,4,0
kkg1581,3,유통기한이 1년이 안돼네요,,225,2,5,0
jht305,3,빠른배송 감사드립니다,,226,2,1,0
lkq1252,3,박스없이 테이핑해서 보내줘서 박스가 좀 더럽단생각이..에잇 박스 빨리버려야겠어요 바이러스때메 예민한데,,227,2,2,0
rwf255,3,잘 받았어요 원하는 텀블러는 못 받았지만... 원래 랜덤이었으니..뭐....... 무튼 잘 마실게요,,228,2,3,0
rgw523,3,"배송은 빠르고 좋은데 카누 미니 ' 다크 로스트' 로 주문했는데, 3개가 다 '마일드 로스트'로 왔네요... 교환하기 번거로워서 그냥 먹지만, 다음부터는 좀 신경써서 보내주세요.",,229,2,4,0
kkg1581,3,분명히 120T*2개 를 주문했는데 왜 100T*2개+사은품이 왔는지. 이런 것도 속이나요,,230,2,5,0
jht306,3,늘 이용하던거라서 재구매했어요~ 배송도 빠르고 사은품도 센스있게 다른거 챙겨주셔서 좋아요 ㅎ,,231,2,1,0
lkq1253,3,11일절에 구매해서 오늘도착배송은 별로네요 저렴하긴 함,,232,2,2,0
rwf256,3,사은품 텀블러 부탁한다고 메모남겼는데 챙겨주셔서 감사합니다 ㅎㅎ,,233,2,3,0
rgw524,3,잘받았습니다~ 사은품도 센스있게 두개 다른걸로 챙겨주셨네요ㅎㅎ,,234,2,4,0
kkg1582,3,자주시키는데 빨라서 좋아요 다음에도 빠른배송 부탁드립니다,,235,2,5,0
jht306,3,배송 많이 느려 별점 빼요. 가격 착함!! 많이 파세요~^^,,236,2,1,0
lkq1253,3,잘 받았습니다. 물건 이상없이 잘왔네요. 많이파세요.,,237,2,2,0
rwf256,3,유통기한 2020.11.30맘에 안들어욤...,,238,2,3,0
rgw524,3,ㅑ갠춘해요싸게샀어요배송도 빨라서 좋아요 ㅎ ㅎ,,239,2,4,0
kkg1582,3,카누미니다크여기가가장싸서여기서삽니다,,240,2,5,0
jht306,3,그냥 그래요 11번가는 괜찮아요,,241,2,1,0
lkq1253,3,커피야 그렇지만 사은품이 안왔으면 하는걸로 두개가 왔음요 ㅠ,,242,2,2,0
rwf256,3,사은품 랜덤아닌거 같은뎅...똑같은걸루 왔네용.. ㅠㅠ,,243,2,3,0
rgw524,3,우유랑 같이 먹으면 맛있어요,,244,2,4,0
kkg1582,3,잘받았어요 배송 보통이였고 맛은 우리가 아는 그 맛입니다.,,245,2,5,0
jht306,3,잘 받았습니다. 잘 먹겠습니다.자주 이용하고 싶어요!!,,246,2,1,0
lkq1253,3,원터치보온병은 박스에 안들어 왔네요 선물용인데....,,247,2,2,0
rwf256,3,원터치보온병은 박스에 안들어 왔네요 선물용인데....,,248,2,3,0
rgw524,3,다 괜찮은데 거의 매번 배송이 늦는것 같아요,,249,2,4,0
kkg1582,3,배송도 빠르고 사은품도 두종류가 같이와서 마음에 드네요,,250,2,5,0
jht307,3,유통기한이 많이 짧아요. 2018년1월4일입니다.,,251,2,1,0
lkq1254,3,혼자 먹기엔 유통기한이 좀 그러해요 21년 03월까지,,252,2,2,0
rwf257,3,카누미니다크100T 랜덤 사은품으로 컵이 와서ㅠㅠ,,253,2,3,0
rgw525,3,마트나 오프라인보다 저렴하게 산 것이길 바랍니다.,,254,2,4,0
kkg1583,3,배송 괜찮네요 완전 만족해요~ ^^ 상품 굿이예요~,,255,2,5,0
jht307,3,센스없으시게 같은색갈로 두개 주신거 빼고 다죠아요,,256,2,1,0
lkq1254,3,배송이 빠르고 좋았습니다..... 많이파세요,,257,2,2,0
rwf257,3,상품 잘 받았습니다.언제나 인터넷 구매가 진리죠,,258,2,3,0
rgw525,3,텀블러는 아니지만 머그도 이쁘네요 잘받았습니다,,259,2,4,0
kkg1583,3,유통기간이 8월로 최신제품이 아닌듯.,,260,2,5,0
jht307,3,재품만 덩그러니 붙여보내 이건좀 아닌듯싶네요,,261,2,1,0
lkq1254,3,커피야 그렇지만 사은품이 안왔으면 하는걸로 두개가 왔음요 ㅠ,,262,2,2,0
rwf257,3,사은품 랜덤아닌거 같은뎅...똑같은걸루 왔네용.. ㅠㅠ,,263,2,3,0
rgw525,3,항상 이용하는 제품이라 잘 먹고 있어요,,264,2,4,0
kkg1583,3,사은품이 동일하게 컵이 와서 안좋아요,,265,2,5,0
jht307,3,cj진짜느레요 배송기다리다목빠짐,,266,2,1,0
lkq1254,3,카누미니 200t 배송 잘 받았습니다,,267,2,2,0
rwf257,3,배송도 빠르고 싸게 잘 구매했습니다.,,268,2,3,0
rgw525,3,항상 먹는 카누~ 잘 받았습니다...,,269,2,4,0
kkg1583,3,배송이 진짜 너무 느렸어요.,,270,2,5,0
jht308,3,늘 먹던거 유통기간 1년이상,,271,2,1,0
lkq1255,3,상품자체는 좋은데 배송너무 느려요,,272,2,2,0
rwf258,3,카누는 언제 먹어도 맛나요^^~~,,273,2,3,0
rgw526,3,항상 한달에 한번씩 먹는데 조금만더,,274,2,4,0
kkg1584,3,가성비가 좋지만 미니라 양이적어요,,275,4,5,0
jht308,3,배송은 좀 느려요.....,,276,4,1,0
lkq1255,3,배송상태가 별루인거말구좋네요,,277,4,2,0
rwf258,3,배송이 갈수록 늦어지는것 같네요,,278,4,3,0
rgw526,3,잘？굶勞楮？ 텀블러도 좋으네요,,279,4,4,0
kkg1584,3,제가 좋아하는 거라 신청했어요,,280,4,5,0
jht308,3,사은품아니고.커피로 주세요,,281,4,1,0
lkq1255,3,선물로 보냈는데 잘받았다네요,,282,4,2,0
rwf258,3,사은품 머그컵 너무 무거워요~,,283,4,3,0
rgw526,3,항상 이용하는 제품이라 잘 먹고 있어요,,284,4,4,0
kkg1584,3,사은품이 동일하게 컵이 와서 안좋아요,,285,4,5,0
jht308,3,싸게잘구입했습니다,,286,4,1,0
lkq1255,3,빠른배송 감사드려요,,287,4,2,0
rwf258,3,항상 믿고 주문합니다,,288,4,3,0
rgw526,3,머그컵이 넘 무겁네요,,289,4,4,0
kkg1584,3,가성비 좋습니다~,,290,4,5,0
jht309,3,싸게 잘샀어요ㅋㅋ,,291,4,1,0
lkq1256,3,항상시켜서먹어요,,292,4,2,0
rwf259,3,쟁여 두고 마셔요♡,,293,4,3,0
rgw527,3,배송이좀느리네요,,294,4,4,0
kkg1585,3,감사합니다 ㅎㅎㅎ,,295,4,5,0
jht309,3,배송이 느려요~ㅠ,,296,4,1,0
lkq1256,3,배송이 느렸어요,,297,4,2,0
rwf259,3,잘받았습니다.,,298,4,3,0
rgw527,3,잘 받았습니다,,299,4,4,0
kkg1585,3,잘받았습니다,,300,4,5,0
jht309,3,잘 받았습니다,,301,4,1,0
lkq1256,3,잘받았습니다,,302,4,2,0
rwf259,3,잘 받았습니다,,303,4,3,0
rgw527,3,커피는카누~,,304,4,4,0
kkg1585,3,나쁘지 않아요,,305,4,5,0
jht309,3,싸게잘구입했습니다,,306,4,1,0
lkq1256,3,빠른배송 감사드려요,,307,4,2,0
rwf259,3,Djjdcjicjdjfovjejdhjcififj,,308,4,3,0
rgw527,3,좋아요좋아요좋아요좋아요좋아요좋아요좋아요좋아요좋아요좋아요좋아요좋아요좋아요좋아요좋아요좋아요,,309,4,4,0
kkg1585,3,dfsfdsfdsfdsfdsfewrewrfsdfweffewffewew,,310,4,5,0
jht310,3,텀블러만4개왔네요.너무무성의하네요.텀블러만4개왔네요.너무무성의하네요.,,311,4,1,0
lkq1257,3,dfhdfhfdgfdgdfgdgcxvcxgdfgdsfggdfs,,312,4,2,0
rwf260,3,wkfqkedkTTmqslek wkfqkekdktmqslek,,313,4,3,0
rgw528,3,dfhdfhjfgjghjfshdfhdfhdfhdfhdf,,314,4,4,0
kkg1586,3,ㅇㄴㅇ나아앙cyocyyictiitcyyocyo u,,315,4,5,0
jht310,3,잘묵을게영,,316,4,1,0
lkq1257,3,잘묵을게영,,317,4,2,0
rwf260,3,잘먹엇어요,,318,4,3,0
rgw528,3,괜찮네요,,319,4,4,0
kkg1586,3,좋아요,,320,4,5,0
jht310,3,맛나요,,321,4,1,0
lkq1257,3,조아요,,322,4,2,0
rwf260,3,좋아요,,323,4,3,0
rgw528,3,좋아요,,324,4,4,0
kkg1586,3,좋아요,,325,4,5,0
jht310,3,좋아요,,326,4,1,0
lkq1257,3,Djjdcjicjdjfovjejdhjcififj,,327,4,2,0
rwf260,3,좋아요좋아요좋아요좋아요좋아요좋아요좋아요좋아요좋아요좋아요좋아요좋아요좋아요좋아요좋아요좋아요,,328,4,3,0
rgw528,5,개인적으로 동서의 맥심이 사무실에서는 짱이지만약간은 물리는 느낌이 있을때는아메리카노가 짱입니다사무실에서 깔끔하게 먹기 좋습니다가격도 다른 곳보다 젤 저렴한게 장점입니다2+1이기 때문에 한달동안 먹기에는 딱입니다유통기한도 2021년까지 길긴 하지만그전에 소비되기 때문에 문제가 없습니다어제 오후 늦게 주문했는데오전에 배달해 줘서토요일에 나와서 한잔 먹으면서 일하고 있습니다완전 강추입니다,,329,4,4,0
kkg1586,5,최근에 계속 라이트로 먹었는데 사은품 때문에 마일드로 시켰어요~예전 행사 때 두개 구입해서 받았는데 너무 좋아서 직원과 공유하려고 이번에도 구입!!너무 좋아하네요.맛은 말해 뭐해~ 유통기한도 23년7월로 아주 넉넉합니다.어짜피 회사에서 먹을꺼라 금방 없어져요.이번에 사은품 때문에 100개짜리 샀으니 더 금방 먹겠네요.항상 빠른 배송 감사합니다.보통 오전에 시키면 다음날 도착하는거 같아요!,,330,4,5,0
jht311,5,"ㅡ 배송 ; 항상 태풍몰에서 구입했었는데 그때마다 퀵~배송으로 주문 후 1~2일 정도에 도착했었어요. 그런데 이번에는 판매자 확인부터 늦게 이뤄졌고, 도착도 늦어졌어요. 아마도 주문량이 많았나...하는 생각에 급하지 않아서 기다렸더니 도착했네요.ㅡ 상품 ; 헉~ 카누 패들이 있는 제품이라서 ok캐쉬백이 없다는 것을 미쳐 확인 못했어요. 하지만 맛과 포장 상태 모~두 좋네요.(^^* 패들은 그냥 넘기지 않고 카누앱 다운받아서 타올로 교환했어요~!ㅡ 유통기한 ; 2022년 8월 구입했는데, 2023년까지 유통기한이 길어요. 유통기한이 길어도 그 기간 되기도 전에 모두 소진하기에 의미는 없지만~ ㅋ",,331,4,1,0
lkq1258,5,가격좋고 상품좋고 배송좋고가격은 11일날 skt할인과 포인트로 저렴하게상품은 다른 커피들보다는 알갱이로 되어있고 구수하고배송은 다른업체보다는 이곳 태풍몰이 빠른편입니다.아버지가 믹스만 드시길래 카누를 드시게 해드리곤 아메에 푹빠지셨는데 다른제품은 싫다하시네요ㅋ하지만 믹스커피도 계속 드시고 있다는 ㅋㅋㅋㅋㅋ그리하여 저희집은 맥심모카골드와 카누를 둘다 구매하게 되었어요 ㅋㅋㅋ,,332,4,2,0
rwf261,5,카누 다크 아니면 루카스를 애용하는데~ 이 가을 카누의 진한 다크가 어울릴듯하여 구매했어요. 태풍몰에서 구매하면 배송은 걱정없어요. 진짜 빨라요. 구매하자마자 즉시 판매자가 확인해서 발송하는거 같아요. 그만큼 빨라요~(^^ㅋ할인하는 성품이어서 그런지 캐쉬백은 없어요. 캐쉬백 대신 그만큼 할인 받았으니 좋네요~(^^!!,,333,4,3,0
rgw529,5,두번째 구매예요 어디를 비교해도 가장 저렴하게 카누를 맛볼 수 있는 곳이예요 카누는 원래 가장 애정하는 커피라서 두말할것 없이 맛있구요 유통기한도 23년 6월이니 넉넉하네요 근데 박스에 온라인용이라고 따로 적혀있는걸 보니 오프라인과 무슨 차이가 있는건지 급궁금해지네요 암튼 맛있는 커피를 좋은 가격에 사서 아주 맘에 드네요~ 또 사러올게요 많이 파세요~~,,334,4,4,0
kkg1587,5,카누 패들 적립 상품이라 구입했어요커트러리는 캠핑갈때 쓰려구요t멤버십 할인도 받고 카드 할인도 되서정말 저렴하게 잘 산것같아요오늘 마트가서 가격확인하니 하나 가격에 4000원 더 내고 두 세트 받은거에요저렴한 가격에 좋은 상품 주셔서 감사합니다 ;),,335,4,5,0
jht311,5,11일 할인으로미니다크120×2 240개무료배송 29700원에 구매했습니다매번구비해두는데 저렴히잘샀어요불필요한 사은품 없이 커피 추가구성이 더 더 좋네요,,336,4,1,0
lkq1258,5,카누 떨어지기전에 매번 재주문하면서 먹고 있어요 ㅋㅋㅋ카페 안가고 집에서 카누로 아아도 만들어 먹고가끔 따아도 먹고 만족 만족,,337,4,2,0
rwf261,5,태풍몰은 항상 배송이 빨라요늦어봐야 하루이틀 차이라서 커피 다 떨어져서 급할 데 주문해도 금방 와요파손제품이 잘못 와서 문의드렸는데 바로 접수해주셔서 이번주안에 상품 보내고 새상품도 받았네요맛있고 달콤해서 잘 산 것 같아요,,338,4,3,0
rgw529,5,"카누 시그니쳐다크,로스트 점알 맛있고 향도 좋고 맘에 듭니다.^^가격도 착하고 사은품 롱 스탠머그컵과 추가 사은품도 너--무 좋아요여태 믹스커피만 먹었는데 이 번에 바꿔 볼까하고 이 제품 선택했는데 잘 한 것 같아요강추합니다^^",,339,4,4,0
kkg1587,5,"커피는 항상 태풍몰에서 주문하게 되네요. 가격행사도 많이하고, 배송도 빠른데 또 배송오류 한번도 없이 주문한대로 배송오고요. 유통기한은 내년 6월로 11개월 남짓 남았네요. 2-3달이면 다 먹어서 큰 의미는 없어요..",,340,4,5,0
jht311,5,8월9일 주문11일 목요일 도착입니다티멤버쉽 할인받아3만원에 두세트카누롱스텐머그 사은품보다 맘에 드는 건따로 보내주신 컵과 직사각접시입니다^^지금 쓰고 있는데너무 잘써서 이것땜에 내일 아침한번 더 구매 예정입니다~^^,,341,4,1,0
lkq1258,5,카누가 제일 무난해서다른 제품 샀다가 또 다시 카누로 구입하게 됩니다.정수기 정수모드에서 녹이고 얼음 동동진짜 편해요.이번에는 패들 포인트 점수가 있던데요건 패쓰^^2개 쟁여놓으니 든든해요.,,342,4,2,0
rwf261,5,굿즈도 교환 신청하고 머그컵도 꽤 쓸만해서 좋아요~~ 시그니처는 처음 구입했는데 아직 맛을 못보고 리뷰부터 남기네요~~^^ 카누회원가입까지 해버렸내요~~,,343,4,3,0
rgw529,5,7월31일 주문8월2일 화요일 도착배송 엄청 빠르네요주문한 날 밤에 벌써 배송준비중 뜨더라구요패들적립위해서 7월막날 고민하며 주문했는데8월보다 저렴하게 잘샀어요3만원 조금 넘었어요커트러리세트 증정100t 두세트유통기한 2023.7.13,,344,4,4,0
kkg1587,5,카누 미니 마일드 아이스커피 타서 잘마시고 있어요 재구매 하면서 할인행사 해서 두개 구매했고요 텀블러까지 사은품 주셔서 더 좋아요 잘마시고 또 재구매 할께요 감사합니다,,345,4,5,0
jht311,5,항상 먹던 건데 세일을 많이 하길래 미리 샀어요 커피 중에 제일 괜찮은 것 같애요 가격도 쿠폰 써서 할인 많이 받았구요 배송은 삼일 정도 걸렸어요 따로 택배 박스 없이 와서 조금 놀랬는데 열어보니까 그 안에 따로 박스가 분리 포장돼서 괜찮은 거 같애요,,346,4,1,0
lkq1258,5,한달동안 카누 5개 샀네ㅋㅋ패들이 뭐라고 일년치카누 미리 삼2개씩 묶여있어서 글킨한데 삼만원이상 삼천원할인쿠폰도 되서오프라인보다 훨저렴한거 같음,,347,4,2,0
rwf261,5,카누 마일드로스트만 먹다가 이번엔 다크로 구입해봤는데 커피향도 진하고 마일드보다 나은것같아요유통기한도 넉넉하고배송빠르게 잘받았습니다,,348,4,3,0
rgw529,5,동서식품 블랙커피는 무조건 카누죠.처음엔 마일드로 주문해 먹었는데 다크로스트가 풍미도 훨씬 깊고 좋아서 항상 이걸로 즐기고 있어요. 사은품도 잘 받았습니다.^^,,349,4,4,0
kkg1587,5,커피는 역시 카누! 평소에 좋아하는 커피인데 싸게 사서 너무나 좋습니다.유통기한은 2022.12.22 까지로 올해 말까지라서 길어요ㅎㅎ,,350,4,5,0
jht312,5,패들포인트때문에 구매했어요~~ㅋㅋ즈히집은 카누만 먹어서 겸사겸사 좋으네요~^^유통기한도 길고~~밖에 사먹는 커피가격도 비싸니집에서 카누로~~,,351,4,1,0
lkq1259,5,"유통기한 2022년 3월 8일까지 입니다.240T 쿠폰, 십일절 할인받아서 29,610원에 구매했습니다!좋아요!",,352,4,2,0
rwf262,5,커피하면 카누 이제는 카누가 대세에요 어디에 가더라도 카누를 사람들이 즐겨 마셔요 여름 행사로 저렴하개 구입했어요 캠핑 커트러리 세트도 주셨네요,,353,4,3,0
rgw530,5,카누를 다양하게 즐기고 잇어요생수병에 흔들어도 잘 녹아 물 처럼 마시고우유에타서 시니얼 넣고 먹음 한끼 식사도 되네요또 구매할께요~~^^,,354,4,4,0
kkg1588,5,패들포인트깨문에 구입했는데 패들포인트로 상품을 고를수가 읍네요 1초 품절이라 ㅠ 커피는 항상 마시는 제품입니다.,,355,4,5,0
jht312,5,배송 완전빠르고 텀블러사은품 좋네요십일절 쿠폰적용해서 저렴하게 구매했네요루카스가 저렴해서 구매할까했는데 카누가 좀더맛나는거같아서..,,356,4,1,0
lkq1259,5,늘 먹는 커피입니다. 인스턴트 커피 중에선 최고인 듯해요. 라떼 만들어 먹기도 좋아요. 유통기한 ..22년1월까지라 그리 길진 않아요.,,357,4,2,0
rwf262,5,다크로스트 여기서만 주문해요증정품이 이번엔 색상이쁘게 마음에 드네요두개다 같은색상인게 아쉬워요,,358,4,3,0
rgw530,5,항상 마시는 카누 할인 쿠폰있을때 구매해둡니다.커피향이 진하고 맛있어요.,,359,4,4,0
kkg1588,5,역시 맥심 커피하면 아메리카노 카누죠. 배송도 빠르고 유동기한도 길고 넘 좋아요. 아메리카노 커피 찾으시는 분들께 맥심 카누 강추합니다.,,360,4,5,0
jht312,5,상자포장없이 와서 쫌 그렇긴한데 다행히 파손없이 잘 받았어요 쿠폰 사용해서 개당 100원정도로 저렴하고 유통기한도 2022년 2월로 길어서 좋아요,,361,4,1,0
lkq1259,5,하루하나~ 필수로먹네요.향도좋고 조금씩 포장되있어 먹기도 편해요.여름엔 큰텀블러에 두개넣고 얼음 많이 넣고 마시면 넘 맛나요,,362,4,2,0
rwf262,5,좋아요따뜻하게 마셔도 맛나고시원하게 마셔도 잘녹고 맛나요유통기한 길고 배송도 빠릅니다,,363,4,3,0
rgw530,5,커피는 많이 즐기진 않고 간혹 먹어요맛은 무난한거 같아요유통기한 길어요배송도 빠르고 가격도 젤 저렴한거 같아요,,364,4,4,0
kkg1588,5,엄마가 좋아하는 커피라서 떨어지기전에 또 주문합니다!! 믹스만 드시다가 3년전부터 카누에 빠지셔서 믹스를 끊으셨어요ㅎㅎ,,365,4,5,0
jht312,5,좋아하는 맛이라 자주 구매해요. 유통기한도 22년 3월까지라 길고 사은품도 카누 20개짜리로 와서 더좋네요.,,366,4,1,0
lkq1259,5,"11일에 구매해서 15일에 받았으나, 주말이었던 점을 감안하면 빠르게 받았습니다.카누 다크 유통기한은 22.01.20 이고 생각보다 유통기한이 긴 편이라 만족합니다.",,367,4,2,0
rwf262,5,유통기한 22년 9월 2일까지 네요 항상 카누에 우유타서 먹는데 맛나고 좋아요 커피맛이 진해서 항상 카누만 찾네요,,368,4,3,0
rgw530,5,텀블러가 포함된걸로 살까 고민하다가커피를 20잔 더 택했어요 ㅎㅎ포장 심플 배송 빠름!좋아요!!,,369,4,4,0
kkg1588,5,늘 마시는 카누다크미니240개 십일절 쿠폰 및 t멤버쉽 할인으로 좋은가격에 구입했네요이번에 배송 완전 빠르네요^^ 11일 주문 12일 수령(유통기한22.8.25),,370,4,5,0
jht313,5,한달에 한번 사무실에 카누하고있습니다 여름이라 드런지 얼음이랑 타려니 두세개 더 넣어 먹으니 짤리 없어지는 느낌이예요,,371,4,1,0
lkq1260,5,항상 먹는 제품이에요유통기한도 길고 저렴하게 잘 샀네요사은품으로 온 텀블러도 이뻐요,,372,4,2,0
rwf263,5,배송이번엔 조금걸렸지만 다른곳보다 저렴해서 좋아요유통기한 내년6월까지라 길어서좋아요 쟁겨두고 마시기좋아요,,373,4,3,0
rgw531,5,배송빨리와서 좋아요카누다크아메리카노 두개씩마시면 딱좋아요유통기한도길고 오래두고먹을수있어 좋아요,,374,4,4,0
kkg1589,5,커피가 똑떨어졌는데 마침 빠른배송해주셔서 한잔 바로했네요새로나거 주문해서마셔봤는데 많이 부드러운거같아요더 많이 마실거같네요,,375,4,5,0
jht313,5,배송하루만에 와서 빨라좋아요 유통기한 내년7월까지라 넉넉해서좋고 카누다크아메리카노 아아로마시는것도 맛있어요,,376,4,1,0
lkq1260,5,항상 쟁여놓고 먹는 카누라 두박스 구매했어요. 사은품없이 개수 많은걸 선호해서 잘 산것 같아요ㅎㅎ,,377,4,2,0
rwf263,5,늘 먹는 카누는 믿고 사먹죠 우통기한도 길고 배송도 엄청 빨리 왓어요 포인트 적립 이벤트도 있어서 좋네요,,378,4,3,0
rgw531,5,T멤버십할인과 카드할인까지 더해서 싸게 구입했어요커피는 역시 동서식품이죠,,379,4,4,0
kkg1589,5,유통기한도 길고 맛도 만족합니다 사실 따뜻한 건 별로고 시원하게 마시면 맛있어요 많이 파세요,,380,4,5,0
jht313,5,카누다크로스트 3개씩 아아로먹는데 맛있어요배송빨라서 좋아요 유통기한많이 넉넉하고 좋아요,,381,4,1,0
lkq1260,5,오랫만에 다크로 주문했는데저의 입맛은 로스트가 더 잘맛네요~~신랑은 다크저는 로스트~^^유통기한은 걱정없네요~~~,,382,4,2,0
rwf263,5,회사에서 사마시는 제품입니다. 유통기한도 길고 좋아요. 가격이 조금 저렴하면 좋을 것 같아요,,383,4,3,0
rgw531,5,늘 먹는 카누여서 맛은 최고구요~사은품 커트러리세트 고퀄이에요 맘에 쏙들어요,,384,4,4,0
kkg1589,5,항상 주문해서 먹는 커피입니다. 유통기한도 길고배송도 빠르네요. 쿠폰사용해서 저렴하게 구매했습니다.,,385,4,5,0
jht313,5,ㅜㅜ배송겁나빠른데오늘 기존가격보다 8천원이나 할인하네요.유통기한만 더 길면 막 쟁여두고 싶어요,,386,4,1,0
lkq1260,5,카누는 항상 집에서 타먹는거라 오프라인보다저렴하니 두박스 쟁였지요카누가 맛은 제일 좋은것 같아요,,387,4,2,0
rwf263,5,아이스커피나 라떼 만들어 먹을때 항상 카누가 필요해요~ 유통기한이 많이 길지는 않아요~,,388,4,3,0
rgw531,5,카누 맛있어요. 유통기한도 길고 좋아요. 텀블러 사은품 없는 제품도 있었음 좋겠어요.,,389,4,4,0
kkg1589,5,딴사이트보다저렴하게잘샀어요무배라더좋고카누커피맛있어요강추합니다또재구매할듯,,390,4,5,0
jht314,5,할인해서 좋은가격에 구입했어요 간편하게 찬물에도 잘 녹아서 아이스 아메리카노로 즐겨마셔요,,391,4,1,0
lkq1261,5,텀블러가 2개나 왔네요커피맛은 다크보단 좀 연한 맛이예요텀블러가 350ml용량으로 깔끔하고 귀엽네요,,392,4,2,0
rwf264,5,카누 미니 마일드가 제일 맛있어요좋은 가격에 마니 나오게 해주세용~~~카누는 재놓아야됨ㅠㅠ,,393,4,3,0
rgw532,5,배송 다음날 도착빨라서 좋아요플랫텀블러로 주문했는데 원터치텀블러가 왔네요 그래도 쿠폰적용 저렴하게 구입했어요,,394,4,4,0
kkg1590,5,역시 집에서 기계 없이 먹을 수 있는 커피 중 최고는 카누에요!! 아메리카노 라떼 다 맛있어요,,395,4,5,0
jht314,5,자주 구입하는 제품이에요배송도 빠르고 찌그러지거나 부서진 데도 없네요,,396,4,1,0
lkq1261,5,사은품 없는 대신 20개 더 들었네요. 비도 많이 오는데 이틀만에 도착했네요. 역시 배송도 빨라서 좋네요.^^,,397,4,2,0
rwf264,5,남편이 회사에서 늘 마시는커피..유통기한도 길고 배송도 빠르고맘에듭니다~~~,,398,4,3,0
rgw532,5,1번 구매했습니다.여기가 젤 저렴한 듯요.배송 빨라서 좋아요~유통기한은 23.6월까지네요.,,399,4,4,0
kkg1590,5,십일절이라 대용량으로 주문해봤는데 배송도 엄청빠르고 유통기한도 넉넉했어요,,400,4,5,0
jht314,5,유통기한 긴거로 보내주셔서 감사합니다.패들 땜에 구입했는데 카누 언제 다 먹죠? ㅋㅋ,,401,4,1,0
lkq1261,5,맛도 깔끔하고 갯수도 넉넉해서 자주 삽니다. 유통기한도 길고 좋네요~^^,,402,4,2,0
rwf264,5,카누 부드럽고 맛있어요 개인적으론 마일드보다 다크가 향도 진하고 맛도 더 진해서 좋아요,,403,4,3,0
rgw532,5,유통기한 길어서 좋네요잘먹을게요저렴하게 산 것 같아 좋아요,,404,4,4,0
kkg1590,5,아메리카노는 카누를 못따라가죠아이스도 핫도다 카누가 맛있어요^^세일해서 싸게 샀네요,,405,4,5,0
jht314,5,배송은 항상 빠르네요.유통기한도 길고요패들로 의자도 교환하고 넘 좋으네요,,406,4,1,0
lkq1261,5,항상 구매하는제품이에요카누야 뭐 말할게없죠 좋아요,,407,4,2,0
rwf264,5,패들 때문에 구입했는데요.다시 구매하려고 보니 120개짜리는 패들 상품이 아니네요 ㅠ.ㅠ다시 입고해 주세요~,,408,4,3,0
rgw532,5,쿠폰써서 저렴하게 잘 구매했습니다같이온 상품도너무 좋아요^^,,409,4,4,0
kkg1590,5,유통기한 2023.7.211년가량 남았네요^^커트러리세트도 좋아보여요^^잘 사용할 듯~,,410,4,5,0
jht315,5,두달연속구입상당히 만족하구요싸구려 이천원짜리커피 보다 카누두개타서얼음넣어 먹는게 더 낫더라구요카누는 언제나 강추,,411,4,1,0
lkq1262,5,잘받았습니다. 착한가격에 좋은제품 구입하네요. 많이 파시고 계속 착한가격 부탁드립니다 많이파세요,,412,4,2,0
rwf265,5,"사은품으로 온 원터치텀블러 색상이 다르게와서 좋아요 유통기한은 2023년 6월, 7월 이렇게 되어있어요",,413,4,3,0
rgw533,5,유통기한도 길고 항상 이 제품으로 구입해서 사먹습니다 오케이 캐쉬백도 적립하고 보너스 받은 기분이네요,,414,4,4,0
kkg1591,5,카누만 먹는데 여기가 저렴해서 여기서만 구매합니다.빠른 배송 감사합니다. 잘먹겠습니다.,,415,4,5,0
jht315,5,사무실에 늘 구매하는 카누 이번에는 패들 때문에 계속 구매하고 있어요.맛은 역시 맛나요,,416,4,1,0
lkq1262,5,늘 먹던 카누..ㅎ 근데 이번에 먹을 때 무슨 검은색 이물질이 나왔어요.. 뭐지 ㅠ,,417,4,2,0
rwf265,5,착한가격으로저렴하게구입했어요...덤으로텀블러도주시고넘좋아용...,,418,4,3,0
rgw533,5,카누는 맛이 깔끔해서 자주 마셔요.. 세일 기간에 저렴하게 구입해서 만족합니다,,419,4,4,0
kkg1591,5,배송빠르고 할인율 좋아서 구입했어요곧 더워지면 아이스커피로 마실려고 해요,,420,4,5,0
jht315,5,유통기간이 12월까지입니다. 240개니 하루에 하나씩 부지런히 먹어야겠네요~ 저렴하게 잘 구매했습니다!,,421,4,1,0
lkq1262,5,유통기한은 23년7월까지입니다커트러리세트가 들어있어 맘에 듭니다.가격도 저렴하네요,,422,4,2,0
rwf265,5,배송도 빠르고 역시 카누가 최고에요 맛도 맛있고 누구나 좋인하는맛,,423,4,3,0
rgw533,5,찬물에도.잘 녹아요 이것만.먹어요저렴하게.잘.샀어요 만족합니다,,424,4,4,0
kkg1591,5,240개 저렴하게구입.한개당137원. T맴버쉽포인트사용.배송빠릅니다.택배기사님 감사합니다.,,425,4,5,0
jht315,5,딜떠서 저렴하게 구매했어요~~텀블러 색깔을 다르게 보내주셨음 좋았을텐데요,,426,4,1,0
lkq1262,5,유통기한은 1년 조금 안되구요..가격은 이거저거 할인받으니 여기가 젤 저렴했어요,,427,4,2,0
rwf265,5,항상 먹던거라 다시 구매했어요사은품 퀄리티 쓸만하네요,,428,4,3,0
rgw533,5,커피값오르기전에 구매했어요 사은품까지 마음에 들어요,,429,4,4,0
kkg1591,5,항상 먹는 제품이에요 떨어지지 않게 구매중입니다 유통기한 넉넉하고 맛있어요,,430,4,5,0
jht316,5,배송빠르고 유통기한도 22년 8월까지로 길어요~ 싸게 잘 구매했습니다~,,431,4,1,0
lkq1263,5,카누 미니다크 대용량을 사놓으면 일년내내 커피 걱정없이 마실수있어 좋아요,,432,4,2,0
rwf266,5,배송 빠르고 맛있어요. 대용량 카누가 있었으면 좋겠어요. 회사에서 먹기에는 비쌈,,433,4,3,0
rgw534,5,할인된가격으로 구매했어요 애용하는 상품으로 간편하게 커피를 즐길수있어 좋아요,,434,4,4,0
kkg1592,5,유통기한이 2022.01.03. 까지로 넉넉합니다. 할인 적용해서 엄청 저렴하게 샀어요. 만족합니다.,,435,4,5,0
jht316,5,빠른배송!!유통기한도 길구요~하지만 똑같은 사은품은 넘 아쉬워요.ㅠㅠ,,436,4,1,0
lkq1263,5,빠른배송 저렴한가격 꼼꼼한 포장 감사합니다커피 잘마시겠습니다,,437,4,2,0
rwf266,5,스위트아메리카노 넘 맛있어요 가격도 할인할때 사서 만족해요,,438,4,3,0
rgw534,5,세일하길래 좋은가격에 구입했어요!대용량이라 두고두고 먹겠네요,,439,4,4,0
kkg1592,5,꾸준히 먹는제품이에요 맛도젤낫고 아이스로마셔도 좋아요 사은품도잘받았어요,,440,4,5,0
jht316,5,너무 배송이 빠르고 유통기한도 길어서 너무 만족해요 매번 재구입하네요~!,,441,4,1,0
lkq1263,5,할인도 받고~ 패들포인트도 받고~잘 구매했습니다,,442,4,2,0
rwf266,5,너무 배송이 빠르고 유통기한도 길어서 너무 만족해요 매번 재구입하네요@@,,443,4,3,0
rgw534,5,저렴한 가격으로 구매했어요. 원터치 텀블러는 아이들 가방에 넣어주려구요.,,444,4,4,0
kkg1592,5,바닐라 라떼 맛있어요 샘플라떼도 감사해요 텀플러 중복색아니라 좋네요,,445,4,5,0
jht316,5,감사합니다. 정말 잘 받았습니다. 항상좋은일만 가득하시고 사업 번창 하시기를 진심으로 바라겠습니다,,446,4,1,0
lkq1263,5,맛있어서 떨어지기전에 쟁여놔요 이것저것 먹어봤지만 가격대비 이만한게 없네요,,447,4,2,0
rwf266,5,한동안 냉장 아메리카노만 마셨는데 오랜만에 카누 마시니 여전히 맛 좋네요.,,448,4,3,0
rgw534,5,맛있습니다 유통기한도 길고 배송도 빠르게 잘 왔어요 최고 예요,,449,4,4,0
kkg1592,5,카누 마일드로스트 늘 구매해서 먹고있어요저렴하게 구매 잘했어요,,450,4,5,0
jht317,5,유통기한 길어요. 카누 마일드보다는 다크가 훨씬 향도 좋고 맛있어요,,451,4,1,0
lkq1264,5,쿠폰써서 저렴하게 잘 구매했습니다 감사합니다,,452,4,2,0
rwf267,5,사은품도 맘에들고. 카누 맛은 말할필요없죠.잘마실게요.,,453,4,3,0
rgw535,5,완전만족합니다 수고하세요 마니 ㅏ세요 맛나요 다음에 또 주문？께요,,454,4,4,0
kkg1593,5,택배도 빠르고 유통기한도 길고 언제나 만족하는 곳입니다~^^,,455,4,5,0
jht317,5,디카페인만먹다가 이번에는 다크시켜봤어요~~카누커피 좋아요^^,,456,4,1,0
lkq1264,5,잘마시고 있습니다. 불랙은 카누만 마십니다,,457,4,2,0
rwf267,5,어쩔땐 배송이 삼일째오는데 오늘은 주문하고 이틀째 와서 넘 좋았습니다 !!,,458,4,3,0
rgw535,5,빠른배송 저렴한가격 꼼꼼한 포장 감사합니다커피 잘마시겠습니다,,459,4,4,0
kkg1593,5,엄청 빨리왔고요. 유통기한 깁니다. 전 마일드가 맛이 더 좋아요.,,460,4,5,0
jht317,5,배송도 빠르고 포장도 깔끔하게 왔어요 유통기한도 길고 좋아요,,461,4,1,0
lkq1264,5,대략유통기한까지 1년 남아 길고..배송도 빠르고.. 잘 먹겠습니다..ㅎ,,462,4,2,0
rwf267,5,주문한지 얼미 안되었는데 배송이 빠르게 오고 제품 문제 없습니다,,463,4,3,0
rgw535,5,싸게 잘구매한것 같아요항상 사는 제품입니다쿠폰먹이니 정말 싸네여,,464,4,4,0
kkg1593,5,유통기한 22년 6월로 길고 카드할인 추가적용해서 저렴하게 샀어요,,465,4,5,0
jht317,5,이디야먹다 다시 카누로 오니 진하고 맛있어요세일해서 잘샀어요,,466,4,1,0
lkq1264,5,150개입 21000원에 구입했어요매일마시는거라 많이 사두니 좋아요,,467,4,2,0
rwf267,5,저렴하게 잘샀습니다다음에 또 이용할게요,,468,4,3,0
rgw535,5,22일 월요일 주문그담날 화요일 도착배송빨라요유통기한 2023.7.27,,469,4,4,0
kkg1593,5,항상 즐겨먹는 카누.. 가격도 11번가가 젤 착해요,,470,4,5,0
jht318,5,여기서만 사요 배송 빠르고 좋아서요 다먹음 또 살께요,,471,4,1,0
lkq1265,5,좋은 제품 빠른 배송으로 잘 받았습니다. 계속 재구매하는 제품 입니다,,472,4,2,0
rwf268,5,카누 다크로스트 유통기간도 길고 배송도 너무 빨라서 좋아요,,473,4,3,0
rgw536,5,배송 빠르고 할인되서 좋네요 잘샀어요 다 떨어지면 재구입할께요 좋아요,,474,4,4,0
kkg1594,5,늘 먹는 다느로스트 카누가 제일 맛있어요~!!어딜가나 카누,,475,4,5,0
jht318,5,잘 먹고 있어요커피는 카누가 최고지요!,,476,4,1,0
lkq1265,5,카누가 젤로 맛있어요 ㅋㅋㅋ할인받아 저렴하게 구매했어요,,477,4,2,0
rwf268,5,계속 마시고 있는데 간편하고 좋아요여기가 젤루 저렴하네요,,478,4,3,0
rgw536,5,카누만 즐겨서 구매합니다깔끔한맛이예요,,479,4,4,0
kkg1594,5,돌고돌아 다시 카누로 역시 카누맛이젤좋아요,,480,4,5,0
jht318,5,두개시켰는데두개다분홍색으로왔네요잘쓸게요저렴히잘산것같아요,,481,4,1,0
lkq1265,5,여름엔 찬물에도 잘녹는 아이스가 제일 좋아요.,,482,4,2,0
rwf268,5,이번 세일로 싸게 샀어요. 많이 파세요. 여름엔 아니스아메로.,,483,4,3,0
rgw536,5,아쉬운건 배송이 오전에 시키면 다음날 왔으면 좋겠어요,,484,4,4,0
kkg1594,5,롱스탠머그 캠핑때 쓰기에 딱이에요 굿,,485,4,5,0
jht318,5,가격이 타사이트보다 저렴하게 구매해서좋습니다,,486,4,1,0
lkq1265,5,맘에 들어요! 배송도 빨라요! 추천합니당~! 너무 맘에들어요!,,487,4,2,0
rwf268,5,11데이 행사로 할인 많이 받아서구입 하니 좋네요,,488,4,3,0
rgw536,5,패들때문에이렇게구입하게되네요 찬물에잘안녹아요.,,489,4,4,0
kkg1594,5,맛있어요 카누 디자인도 좋고 탑이에요,,490,4,5,0
jht319,5,여름은 가벼운 좋은것같아서 또구매해요,,491,4,1,0
lkq1266,5,텀블러가똑같은색으로2개에요~생각보다작아요~,,492,4,2,0
rwf269,5,포장상태도좋고 유통기한도 길어요,,493,4,3,0
rgw537,5,배송 빠르고 저렴하고 맛있어요 ㅋㅋㅋ,,494,4,4,0
kkg1595,5,요거 커피 자주 구매합니다 좋아요 맛있어요,,495,4,5,0
jht319,5,사무실에 항상 채워놓고 마셔요. 텀블러도 잘쓸게요,,496,4,1,0
lkq1266,5,아주 찐하고 맛있습니다. 상품좋아요.,,497,4,2,0
rwf269,5,저렴하게 잘삿네요보온병도 녀무조아요,,498,4,3,0
rgw537,5,사은품 보고 고민하는데 원터치 텀블러 괜찮아요,,499,4,4,0
kkg1595,5,다크로스트 사봤는데 진하고 맛나요,,500,4,5,0
jht319,5,항상이용해요. 맛있게먹고 있습니다.,,501,4,1,0
lkq1266,5,행사해서 좋은 가격이라 더 좋아요,,502,4,2,0
rwf269,5,항상이용하고 맛있데 먹고있습니다.,,503,4,3,0
rgw537,5,여기에서 구매하는게 제일 저렴해서 많이 샀어요,,504,4,4,0
kkg1595,5,역시 카누 맛있고 배송빨라요~,,505,4,5,0
jht319,5,배송도 빠르고 가격도 저렴하고 만족합니다,,506,4,1,0
lkq1266,5,맛있어요 카라멜 패들포안트는덤,,507,4,2,0
rwf269,5,배송이너무늦게와서..그래도잘마시고있어요,,508,4,3,0
rgw537,5,세일할때 쟁여두는 카누~,,509,4,4,0
kkg1595,5,역시카누 배송빠르고 맛있어요~,,510,4,5,0
jht320,5,디카페인 커피가있어 좋습니다,,511,4,1,0
lkq1267,5,유통기한도 길고 좋아요^^,,512,4,2,0
rwf270,5,라떼처럼 우유에 타먹어요,,513,4,3,0
rgw538,5,"역시카누 맛있고 좋아요~,",,514,4,4,0
kkg1596,5,매주 사먹는데 싸게 잘 삿어요,,515,4,5,0
jht320,5,역시카누 맛있고 좋아요~,,516,4,1,0
lkq1267,5,역시카누 맛있고 좋아요~,,517,4,2,0
rwf270,5,유통기한도길고 좋네요,,518,4,3,0
rgw538,5,11절 행사상품 섬유세제 주문했다가 배송문제 걸려서 속 끓이고나서 첫 번째 주문한 물건이 카누네요..트라우마 생겼나봐요..늦게 오면어쩌나 잘못 오면 어쩌나 배송 안해주면 어쩌나..안하던 걱정을 다했네요.하필이면 배송이 평소보다 하루가 늦어지니 트라우마가 움틀움틀ㅜ어쨌든 받았구요. 배송은 그래서 보통이라고 했어요. 카누는 늘 먹는거라 떨어지지않게 채워놓습니다.하필 이럴때 떨어져서 주문할 수밖에 없게되어 이번엔 넉넉하게 130개×2통 주문했어요. 배송문제 생길까봐서 쟁여놓았네요..,,519,4,4,0
kkg1596,5,상품 이상없이 잘 받았습니다 항상 애용하고 있습니다 다른 브랜드 커피도 마셔봤지만 카누보다는 훨씬 맛이 못하네요 인스턴트 커피 치고는 향도 적당하고 맛도 적당하여 차겁게 아이스로 마셔도 좋고 뜨겁게 블랙으로 마셔도 아주 좋습니다 타 브랜드에 비해 약간 비싸지만 맛이 좋아 항상 구매 합니다 이번에는 카드 할인으로 저렴하게 구입 했습니다 다만 아쉬운점은 사은품으로 보내주신 텀블러가 색상도 같은것이 2개가 왔네요 색상이라도 틀리면 좋을텐데. . . 여하튼 잘 마시고 잘 쓸께요 조만간 재 주문 할께요 감사 합니다,,520,4,5,0
jht320,5,시그니처와 마일드 두 가지 커피를 구입해 봤어요.커피 할인행사 때마다 재구매를 하는데ml용량이 넉넉한 스텐머그와 앙증맞고 귀여운 법랑머그가각 각 들어있어서 선물용으로도 괜찮은 것 같습니다.그리고 커피맛은 늘 별다섯개가 아깝지 않아요!,,521,4,1,0
lkq1267,5,"저번에 마일드 행사때 구매해서 잘 마시고 있습니다~ 전 주로 라떼를 만들어서 마셔서 이번엔 다크를 구매했습니다. 카누 1봉지에 커피가 녹을만큼만 뜨거운 물을 붓고, 취향껏 우유를 넣어서 마시면 간단하게 라떼를 드실 수 있습니다. 전 여름엔 이렇게 해서 아이스 라떼를 만들어 먹지요~ ^^ 원하는 시럽이나 파우더만 구매해서 넣어 마시면 여러가지 종류의 커피를 집에서도 간편하게 마실 수 있어서 좋습니다. 카누는 다른 커피들 보다 향이나 맛이 좋아서 저도 가끔 애용합니다. 배송은 주문하고 바로 다음날 왔네요~ ^^ 총알배송 감사합니다~!",,522,4,2,0
rwf270,5,카누가 제일 맛은 있는데 가격이 비싸서 ... 집에서는 베트남 커피 사무실에서 맥심 커피만 늘 구매해서 먹다가 카누 원해서 사무실에서 먹을 커피 눈 딱 감고 구매해요 사은품 커피로 주던가 사은품 주지말고 가격 인하하면 얼마나 좋을까?......,,523,4,3,0
rgw538,5,가격저렴하게잘샀어요 배송하루만에왔구여^^ 항상100T만시켰었는데 이번에훨씬저렴하게잘샀네요^^ 워낙커피를좋아해서한번에3T씩타먹으니 금방다먹더라구여ㅎ 마일드는좀연한느낌이고 다크가제입에는딱맛나고좋아요ㅎ 사은품은둘다블랙머그세트왔네요 깔끔하고이뻐요^^ㅎ,,524,4,4,0
kkg1596,5,아 아쉽게 아이스텀블러를 요청 드렸는데 블랙머그세트 똑같은게 2개가 됐네요. 구매후 QA게시판에 바로 아이스템블러 요청 드렸는데 랜덤이라 어쩔수 없죠. 대신 저렴하게 샀으니 잘 마실게요. 유통기한도 길어서 믿음이 가네요. 많이 파세용. 담엔 선물 고를 구 있게 해주세요 ㅠ,,525,4,5,0
jht320,5,평상시에 카누를 즐겨마셔서 이번이도 주문했습니다. 가격은 오프라인보다 살짝 저렴하네요~ 카누만 먹다보니.. 다른 커피는 이제 별로라.. ㅠㅠ 아.. 사은품으로 블랙머그잔이 왔는데... 잔 사이즈가 작아서 그냥 그래요 ㅎㅎ,,526,4,1,0
lkq1267,5,믿고먹는카누입니다!!아직까지는아아를마시고있는데다겨울에도아아를주로마시기에다크가딱좋은거같아요!!포장간편하게오고배송빠르고 유통기한넉넉합니다♡,,527,4,2,0
rwf270,5,"이곳은 배송이 정말 빠르네요~(^^!!!연휴 끝에 시켜서 늦게 도착할거라 생각했는데, 2일 정도 소요됐어요.유통기한은 한통은 21년 10월이고, 한통은 21년 11월까지예요. 생각보다는 그리 길진 않아요.사은품보다는 가격할인이 좋아서 구매했어요.",,528,4,3,0
rgw538,5,커피를 많이좋아해서 하루에 5~6잔씩 마시고 있어요. 특히 카누 마일드 미니가 머그잔 기준으로 농도가 딱 좋아서 즐겨마십니다. 원두커피 마시러 커피숍안가도 되요~~,,529,4,4,0
kkg1596,5,유통기한 21년10 월27일 까지구요 칼 배송완저 맘에들구요박스포장이 좀너무크네요사은품으로는 원하는텀블러가 붙어 있어서 좋았습니다감사합니다,,530,4,5,0
jht321,5,커피를 워낙에 좋아해서 하루에 4~5잔씩 마셔요. 특히 다른 커피에 비해서 원두의 맛이나는 카누마일드를 즐겨마시고 있어요! 사은품도 블랙머그라서 간지도 나는듯...ㅎㅎ,,531,4,1,0
lkq1268,5,커피 회사에 대용량으로 사야해서 샀는데 제일 싸게 산거같아요 가격 정말 저렴하게샀고 카누 맛은 다들 좋아하셔서 정말 잘샀네요 사은품 카누머그컵도 인기가 많았네요~ 많이 파세요^^,,532,4,2,0
rwf271,5,"간편하게 커피 한잔 즐기기엔 카누가 최고죠~, 향도 괜찮고 뒷맛도 깔끔하고~, 가격 저렴하게 잘 구매했습니다. 배송도 빠르구요~^^",,533,4,3,0
rgw539,5,2개 구매했는데 색상 골고루 2개보내줬네요ㅇㅎㅎㅎ 미니가 적은듯 맞는듯 간단하게 한잔 먹기좋은양 100티 항상 2달마다 구매하네요 유통기한은 17. 12.12,,534,4,4,0
kkg1597,5,카누를 달고 사는 사람으로 향과 맛에 중독？耭楮？. 대용량 상품에 쿠폰까지 써서 저렴하게 구매햇고 더구나 유통기한도 길어 무척 만족합니다. 다른 이에도 추천하고 싶어요.,,535,4,5,0
jht321,5,오자마자 마시고 있어요. 미니라서 물을 적게 놓어야 맛나는데 많이 넣어서 밍밍 ㅋ 패등 포인트 7000원씩 중고나라에 팔아서 very good!,,536,4,1,0
lkq1268,5,이곳에서 주문하면 배송이 빨라 완전 좋아요가격도 착하구..사은품있는걸로 주문하려다 랜덤이라.. 패스OK캐쉬백이 좋을꺼같아서 요걸로 주문..담에도 주문할께요~~^^,,537,4,2,0
rwf271,5,항상 맛있게 마시는 카누입니다..사은품 텀블러 하나는 집에서 하나는 회사에서 사용하면 딱 좋을 듯 하네요^^ 많이 파세요~,,538,4,3,0
rgw539,5,저렴하게 구매해서 아주 만족합니다. 카누 맛있어요. 자주 구매합니다. 행사가로 저렴하게 구매해서 대단히 만족합니다. 자주 행사하면 좋겠네요. 만족해요.,,539,4,4,0
kkg1597,5,액상커피 먹다가 카누로 바꾸었는데 맛이 좋네요 배송도 빠르고 랜덤으로 주는 사은품 커피잔+받침대 받았는데 품질이 좋아요,,540,4,5,0
jht321,5,러야야야럴요노아라려야리려여라라료뇨너랴랴아아애아차차타라랴야야라차차터여녀뎌러차해래애야야갸어라러터터처차퍄래차채랴여야어타타타차처차터냐애랠랴약라타쳐야차타타타차파차텨냐아야차차차피챠아？O,,541,4,1,0
lkq1268,5,카누만 마시다 보니 믹스 커피는 안먹게 되더라구요. 맛 깔끔하고 프림설탕 부담도 없으니 너무 좋아요.,,542,4,2,0
rwf271,5,역시 카누는 사랑이 예요너무맛있어서 하로4~5잔 마시네요감사합니다 강력추천 항상여기서 구매하네요,,543,4,3,0
rgw539,5,중복할인받아서 저렴하게 샀어요!근데 미니말고 양 조금 더있는것도 대량으로나왔음좋겠어요ㅎㅎ미니는 항상 두개씩뜯어서..ㅎ,,544,4,4,0
kkg1597,5,항상 먹던 제품인데 패들포인트도 적립할 수 있어서 좋네요. 텀블러도 다른 색으로 와서 마음에 듭니다^^,,545,4,5,0
jht321,5,"240T 카누 특가상품이 없어져서 200T 상품으로 구매하였습니다. 사은품으로는 검정 머그컵 두세트가 왔구요, 잘 사용하고 있습니다. 사무실에 비치하여 사용중입니다. 240T 카누 특가상품이 없어져서 200T 상품으로 구매하였습니다. 사은품으로는 검정 머그컵 두세트가 왔구요, 잘 사용하고 있습니다. 사무실에 비치하여 사용중입니다.",,546,4,1,0
lkq1268,5,항상 카누 다크만 구매해서 먹고 있어요. 다른 커피보다 아메리카노는 카누가 맛있더라구요. 한번씩 할인할때 사두면 좋아요. 유통기한동 적당하구요.,,547,4,2,0
rwf271,5,블랙커피도 역시 맥심 카누밖에 없는 것 같아요. 카페에서 파는 아메리카노 먹는 느낌이에요. 동서식품은 차는 역시 커피의 맛과 향이 국내 업체 중 제일 갑인 것 같아요. 강추합니다.,,548,4,3,0
rgw539,5,커피는 역시 카누죠^^ 회사사람들이 이것만 마셔요~ 저렴한 가격으로 잘 산것 같아요... 유통기간도 길어요 다 먹으면 다시 구매하러 오겠습니다^^,,549,4,4,0
kkg1597,5,카누는 넘 맛있어요 저렴해서 좋아요택배사 cJ로 보내주심 넘 좋을거 같아요조금 느려요 택배 3일째 와요,,550,4,5,0
jht322,5,워낙 물에 잘 녹아서 작은 생수에 넣고 흔들면 끝~~가지고 다니면서 먹기 좋고 커피값 굳어서 좋고요,,551,4,1,0
lkq1269,5,배송 빠릅니다. 상품도 이상없이 유통기한 긴 걸로 왔어요. 사은품은 텀블러왔네요. 텀블러는 예쁩니다. 사이즈도 좋고 그런데 텀블러가 너무 많아요 ㅎㅎ,,552,4,2,0
rwf272,5,가격이 저렴해서 구매했습니다. 물품 손상 안 되게 포장도 잘 해주셨고 배송이 빨리 왔습니다. 다음번에도 또 주문하겠습니다. 감사합니다.,,553,4,3,0
rgw540,5,배송도 빠르고 유통기한도 2021년 3월까지라 길어요~ 카누만 마셔서 자주구매하는데 저렴하게 구매해서 좋네요~~~,,554,4,4,0
kkg1598,5,조금 늦게 잘받아서 잘먹고 있음... 또 구매할 때가 됐네요... 사은품으로는 머그잔이 왔네요.,,555,4,5,0
jht322,5,카누미니 간단히마시기좋아요양이적어서연하게먹을때 미니가딱이죠신랑도카누맛들여서 몽땅구매했네요,,556,4,1,0
lkq1269,5,배송 빠르구요. 가격도 착하고 유통기한도 길고 다 좋은데 포장이 좀 아쉽네요. 잘 마시겠습다. 많이 파시고 건강 조심하세요.,,557,4,2,0
rwf272,5,대박금요일주문했는데담날토요일바로도착했습니다.유통기한도8월까지 넉넉합니다. 다먹고 제주문하겠습니다.~^-^대박나세요 ㅎㅎ,,558,4,3,0
rgw540,5,1년치를구입했는데 유통기한이10월1년도안돼난감합니다 어찌되었던잘 먹을께요,,559,4,4,0
kkg1598,5,싼가격에 대용량으로잘샀네요 사은품으로 컵같은거말고 커피나주면좋겠다했는데 딱이예요 잘먹을께요,,560,4,5,0
jht322,5,커피 사야하는 일이 많아져서 이젠 다른곳 안보고태풍몰에서 한번에 시켜요사은품도 같이와서 좋아요,,561,4,1,0
lkq1269,5,일단..... 배송 무지무지~~ 빠릅니다....ㅋㅋㅋ 태풍몰 배송 인정~!! 유통기한도 21년 10월말이라.... 1년이나 남았고.... 다만 다크로스팅을 사고 싶었는데.... 없어서 마일드로... ㅜㅡㅜ 담엔 꼭~~ 다크 사고 싶네요..... 많이 많이 파시고~~ 돈도 마니 버세요~~~~ ㅎㅎ,,562,4,2,0
rwf272,5,간편하게 아메리카노 분위기 낼 수 있는 카누 미니 항상 즐겨 먹고 있어서 없을때마다 제일 착한가격 검색해서 사는데 언제나 여기서 구입하는거 같네요. 사업 번창하시고 저렴한 가격으로 많이 팔아주세요.,,563,4,3,0
rgw540,5,빠른배송 감사합니다.믹스는 속에서 자꾸 안받아서 역쉬 카누밖에 없더군요맛나게 잘 먹겠습니다~,,564,4,4,0
kkg1598,5,카누 좋아하셔서..집에서 먹으려고 주문했어요 유통기한 사진에 있고요 배송 빨리 왔어요 잘먹을께요..,,565,4,5,0
jht322,5,커피 잘받았습니다. 사은품도 잘 받았습니다. 근처에 커피숍이 없는 저에게는 카누는 항상 진리네요.,,566,4,1,0
lkq1269,5,라떼는 아이스로 처음 먹어봤는데 역시 따듯하게 먹는게 더 맛있네요 같이 온 텀블러가 작긴하지만 유용하네요,,567,4,2,0
rwf272,5,사은품이 똑같은 빨간 보온병으로 두개왔어요. 카누만 먹는데 사은품이 계속 쌓이네요. 커피를 더 줬으면 좋겠어요,,568,4,3,0
rgw540,5,넘넘맛나구용~배송빨라서 좋아요사무실 인기커피입니다.사은품 다양했음 좋겠네요똑같은 텀블러 ㅜㅜ 이젠 필요가 없네요,,569,4,4,0
kkg1598,5,배송이좀 오래걸리긴했지만 싸게사서좋아요 텀블러는 기대않하고 있었는데 예쁜걸로 보내주셨네요,,570,4,5,0
jht323,5,가끔 커피머신 키기 부담스러울때 먹는데나쁘진 않아요! 아주 찬물에는 잘 안녹지만 그래도 편해요,,571,4,1,0
lkq1270,5,"사재기해놓고 혼자 마실 건데 유통기한이 긴 편은 아니네요. 마트보다 저렴한 가격, 빠른 배송 만족해요.",,572,4,2,0
rwf273,5,매일 찾게되는 카누 다크~11절 쿠폰으로 알뜰구매했네요커피향에 행복한 하루입니다~,,573,4,3,0
rgw541,5,배송도 빠르고 맛도 좋습니다. 같이 들어있는 사은품 컵도 좋구요~ 또 구매하러 올께요!,,574,4,4,0
kkg1599,5,카드사쿠폰 할인으로 싸게 샀어요. 매번 마시던 제품...공유땜시 마시게 되었는데 그후로 쭈욱 요것만 마시네요.,,575,4,5,0
jht323,5,카누너무맛있어요~항상11번가들어와서주문해요~제일싼거같아요~지인들한테소개해주고있어요~많이파세요~^^,,576,4,1,0
lkq1270,5,늘 쟁여두는 제품입니다행사가로 싸게 샀는데 유통기한도 길어서 좋습니다,,577,4,2,0
rwf273,5,유통기한 길어서 좋아요. 근데 랜덤 상품;; 뽁뽁이 엄첨 더럽네요. ㅜㅜ찜찜한 느낌이 생기네요. 이점 참고해 주세요. ^^,,578,4,3,0
rgw541,5,집에서편하게먹는아메리카노하면카누죠ㅎ타먹기편하고맛도향도좋습니다,,579,4,4,0
kkg1599,5,새로나온건지는 잘 모르겠지만 이번에 시그니처다크 맛나용... 원두맛이 제일 좋은듯염,,580,4,5,0
jht323,5,매번 먹는거인데 쿠폰으로 저렴하게 구매했습니다! 배송도 빠르고 유통기한도 길어서 좋네요,,581,4,1,0
lkq1270,5,이거 괜찮네요 마음에 쏙듭니다. 다음에 또주문하겠습니다. 좋은하루 되시고 고생하세요! 감사합니다.,,582,4,2,0
rwf273,5,늘 시켜먹는 카누! 할인쿠폰 써서 착한금액으로구매했네요배송도 빠르고 잘받았어요~,,583,4,3,0
rgw541,5,집에서 먹는 커피는 카누가 제일 좋은거 같습니다.세일할때 구입해서 너무 좋아요,,584,4,4,0
kkg1599,5,블랙커피의 강자는 바로 카누죠비싸긴 해도 맛있어 자주 구매하네요 ㅋㅋ,,585,4,5,0
jht323,5,카누를 이렇개 훌륭한 가격에 팔다니 완전대박상품 이네요 그어느 사이트도 이보다 저렴하지는 않아요 강추합니다 재구매할게요 대박나세요,,586,4,1,0
lkq1270,5,역시 커피는 인터넷으로 구매하는게 가장 싸고 빠르네요 ^^ 앞으로도 종종 이용하겠습니다~,,587,4,2,0
rwf273,5,배송도 엄청빠르고 좋은 커피 좋은가격에 잘 구매한거 같아요 자주 애용할게요,,588,4,3,0
rgw541,5,티할인과 쿠폰으로 저렴하게 구입했어요 머그컵도 너무 예쁘네요 배송도 만족합니다,,589,4,4,0
kkg1599,5,매번 여기서 주문하는데항상 만족합니다!배송도 빠르고 유통기한도 넉넉해여 ㅎㅎ,,590,4,5,0
jht324,5,아이스 아메리카만들면 카페에서 파는거 못지않게 맛있어요 물에도 잘녹아요,,591,4,1,0
lkq1271,5,매일매일 느끼지만 커피향이 너무 좋아요^^요즘같이 밖에 못나갈땐 집안일 마무리하고커피한잔이 위로가 됩니다 ^^,,592,4,2,0
rwf274,5,항상 카누만먹는데유통기한도길어서조으네요쿠폰적용해서싸게잘샀어요.잘먹겠습니다.,,593,4,3,0
rgw542,5,저렴한 가격에 득템했어요!사은품도받고 좋아요.빠른배송 감사합니다 ^^,,594,4,4,0
kkg1600,5,식사후에 카누 커피 한잔 너무너무 만족합니다 기대가 큽니다 감사합니다 앞으로 또 주문 하겠습니다,,595,4,5,0
jht324,5,스윗아메만먹다가 다크시켰는데 촌년인 제입맛에는 탄맛이강하네요~ 갠적으로 스윗아메가 더맛난거같아요,,596,4,1,0
lkq1271,5,할인쿠폰써서저렴하게 사고 240개양도 푸짐하고 거기에다 무료배송까지 최곱니다 또 저렴하면 구매의향있어요ㅋ,,597,4,2,0
rwf274,5,저렴한가격에 카누 구입하게 되어서 좋네요 다음에도 또 구매할게요,,598,4,3,0
rgw542,5,저렴한 거격에 카누를 구입했습니다. 배송도 잘 되었습니다. 감사합니다.^^.,,599,4,4,0
kkg1600,5,소비자가 선호하는 브랜드의 커피를 할인쿠폰과 중복할인으로 저렴하게 구매할수 있다는점이 너무 만족스러워요 감사합니다^^,,600,4,5,0
jht324,5,정말 저렴하게 산 거 같아 기분이 좋네요유통기한도 길고 배송도 빨랐어요~,,601,4,1,0
lkq1271,5,항상 애용하는 제품입니다. 배송이 느리지만 마트보다 가격이 저렴해서 좋아요. 유통기간도 매우 길어요..,,602,4,2,0
rwf274,5,사무실 직원들이 좋아해요 총알배송에 유통기한도 길고 맘에 들어요 대량구매시 편하고 좋네요 다음에도 재구매 의사 있습니다,,603,4,3,0
rgw542,5,늘 먹는카누어요할인해서11번가에서싸게샀네요장바구니할인까지 최고에요,,604,4,4,0
kkg1600,5,젤 저렴하게 판매하는것 같아요꾸준히 구매하고 있어요^^배송도 무지 빨라요감사합니다,,605,4,5,0
jht324,5,늘 주문해서 먹는 카누~^^자주자주 행사 했으면 좋겠네요.저렴하게 구입해서 맛나게 마시게요~ㅎ,,606,4,1,0
lkq1271,5,"카누 시그니처 아메리카노 맛있어요.기념품으로 주신컵도 이쁘고,좋아요.",,607,4,2,0
rwf274,5,추가구매 했어요쟁여두고 먹고 여름에 얼음담기 괜찮은 텀블러에요 두아들 물통으로 쓸려고 구매 했네요^^,,608,4,3,0
rgw542,5,싸게는 샀는데.. 사음품 대신 가격을 내리던가 커피를 몇개 더주던가 했으면 좋겠네요. 집에 카누 보틀이 수십개임....,,609,4,4,0
kkg1600,5,남편 사무실에서 먹는다해서 주문해줬어요. 캠핑 커트러리가 맘에들어서 2통 주문했네요ㅎㅎㅎ,,610,4,5,0
jht325,5,카누 맛있어요..... 이커피만 마시네요... 사은품으로 이쁜 컵도 주시고 대박이네요,,611,4,1,0
lkq1272,5,여기가 제일 싼거같아요~~ 배송 빠르고 유통기한도 길어요. 맛나게 잘먹을께요^^,,612,4,2,0
rwf275,5,배송은 좀 늦었지만 제품받아보고 만족합니다 꺼내기 쉽게 포장되어있어요,,613,4,3,0
rgw543,5,카누 미니마일드 좋은 가격에 빠른 배송이었습니다. 자주 구매할 듯 싶네요. 30개씩 낱개 포장이었습니다.,,614,4,4,0
kkg1601,5,아이스아메리카로 마시니 카페못지않게 맛있어요 사은품도 좋아요,,615,5,5,0
jht325,5,가격과 품질을 보고 구입하였습니다. 이전에는 타 사이트 대비 가격은 상대적으로 낮았는데 최근들어서는 타 사이트가 가격이 경쟁력있어 구입하다가 단골 사이트인 11번가에서 구입하였습니다. 가격이 좀더 경쟁력이 있었으면 합니다.,,616,5,1,0
lkq1272,5,아메리카노는 역？ 카누가 최고죠!^^이제 딴건 못먹어요~~~,,617,5,2,0
rwf275,5,지방인데도 배송 엄청 빠르네요^.^ 유통기한 21년 11월말까지네요. 저렴하게 잘 샀습니다. 감사합니다~,,618,5,3,0
rgw543,5,항상 먹는 제품이에요. 매일 아침마다 항상 먹어요.맛있는 제품입니다.,,619,5,4,0
kkg1601,5,항상 태풍몰에서 커피시켜욤 배송이 빨라서 최고에욤 항상 감사해욤,,620,5,5,0
jht325,5,부드럽게 물 많이 넣고 마시고 있어요.믹스 먹는거 줄일려고 먹고 있어요,,621,5,1,0
lkq1272,5,남편이 늘 카누를 좋아해요.여기가 젤로 쌉니다.유통기한도 길어요.,,622,5,2,0
rwf275,5,잘 받았습니다 배송두 빠르고 감사합니다늘 먹던거라 고민없이 구매했습니다,,623,5,3,0
rgw543,5,2개 사서 한개 오픈했구요.어서 여름이와서 카누로 아아 마시고 싶어요,,624,5,4,0
kkg1601,5,싸게샀어요 다른곳보다 싸서 부담없이 쓰고있어요 더 싼곳은 찾을 수 없어요 카누 맛나요,,625,5,5,0
jht325,5,쿠폰으로 저렴한가격에 사은품 앙증 맞은 컵까지 득템했어요. 빠른 배송도 감사합니다 ^^,,626,5,1,0
lkq1272,5,다른곳보다 저렴하게 구매 했어요.배송도 엄청 빠릅니다.,,627,5,2,0
rwf275,5,형부가 집에서먹는다고해서 언니대신 구매해줬는데 배송도빠르고 할인하고해서 싸게잘샀어요,,628,5,3,0
rgw543,5,항상 여기서 이것만 주문해서 먹어요. 가격 최저가이고 맛은 말할것도 없고 빠른배송 해 주어서 급하게 택배 받을 수 있어서 좋네요,,629,5,4,0
kkg1601,5,배송빠르고 사은품텀블러도 깔끔한디자인에 사용하기좋네요,,630,5,5,0
jht326,5,인스턴트 블랙커피는 카누가 입에 제일 잘 맞아서 잘 먹고 있습니다.,,631,5,1,0
lkq1273,5,커피가 다른곳보다 싸긴한데 보틀없이 싼건없나요?보틀 넘 많은데,,632,5,2,0
rwf276,5,크리스마스에디션 생각보다 맛이 괜찮아요~ 부드럽고 ㅎ 컵도이쁘고 원터치 보온병은 생각보단 좀 .. ㅎㅎ..,,633,5,3,0
rgw544,5,인터넷 쇼핑은 쇼킹딜 쿠폰 구매도 쇼킹딜 11번가도역시 최저가^^ 함상즐거운 쇼핑 만족도도 역시좋네요,,634,5,4,0
kkg1602,5,아버지께서 존ㅅ아하시는 커피.정말 가격 저렴하게 대용량으로 살 수 있어서 너무 만족스러웠어요,,635,5,5,0
jht326,5,가격저렴하게구매했어요 다음에 재구매 의사있어요 배송도 빨라요,,636,5,1,0
lkq1273,5,배송이 진짜 빨라요!!! 기획상품이라 필요없는 텀블러 없이 커피만 많이 와서 넘넘 좋습니다.,,637,5,2,0
rwf276,5,배송도 빠르고 가격도 다른곳보다 저렴한 편입니다 재구매 의사가 있습니다,,638,5,3,0
rgw544,5,여름이라 카누마일드 타서 차갑게 먹고 있는데 너무맛있어서 계속 주문하게 되네요,,639,5,4,0
kkg1602,5,선물하고 나도 하나 마시려고 구입했는데 텀블러도 좋아요.,,640,5,5,0
jht326,5,제품도 싸게 잘구매 했네요.배송도 익일 배송 이구요.,,641,5,1,0
lkq1273,5,배송이 좀 놀랬는데ㅋㅋ 그외엔 만족해요! 찌그러지고 터져오지 않았어요,,642,5,2,0
rwf276,5,항상시켜먹습니다 다른판매처에서 크게 할인하지 않는이상 개당가격으로 여기가싸서 시킵니다,,643,5,3,0
rgw544,5,가격 할인 받아서 싸게 잘 샀어요 배송도 빠르고 포장도 튼튼하고 기사님도 너무 친절하시네요,,644,5,4,0
kkg1602,5,카누 세일을 많이해서 그런지 유통기간이 좀 짧네요 그것말고는 만족합니다,,645,5,5,0
jht326,5,가지고 다니기도 편리하고 맛납니다.애호하고 가방에 꼭 넣어 다녀요,,646,5,1,0
lkq1273,5,마트에서 비슷한 시기에 주문했는데 유통기한이 몇일 더길고 값이 훠얼씬 저렴하네요~만족합니다!!!!!,,647,5,2,0
rwf276,5,늘 사는거라 똑떨어져서 세일없이 구매했네요 세일안하면 안사는데 없으면 우리딸이 징징거려서,,648,5,3,0
rgw544,5,좋아요~커피는 항상 마셔서 많이사서 두는데 한박스는 선물주고 한박스는 벌써 다마셔가네요~좋아요!!,,649,5,4,0
kkg1602,5,항상 카누만 주문해서 먹어요찬물에도 잘녹고 좋아요,,650,5,5,0
jht327,5,항상 애용하는 카누입니다.랜덤으로 오는줄 몰라서 좀 당황하긴했어요.또 구매할께요.~,,651,5,1,0
lkq1274,5,맛있는카누커피 추운날 따뜻하게한잔합니다,,652,5,2,0
rwf277,5,머그컵이 정말 조그맣고 귀여워요~카누는 뭐 말모 언제나 잘먹고 있어요,,653,5,3,0
rgw545,5,태풍몰 배달도 빠르고 가격도 괜찬고 우선 묶어서 주문하면 한번에 오니까 너무편해요,,654,5,4,0
kkg1603,5,늘 쟁여놓고 연하게 마시기도 하고 다양하게 활용하는 중입니다. 떨어지지 않고 주문해서 .. 가볍게 마시기 좋아요.,,655,5,5,0
jht327,5,잘먹고잇는상품 저렴하게 잘삿어요 ~양많아서 엄마랑나？어용ㅎ,,656,5,1,0
lkq1274,5,보통때는 이 옵션이 품절이였는데 운좋게 구매했네요 텀블러나 컵이 필요없으신 분께 강추~,,657,5,2,0
rwf277,5,카누 좋아요간편하고 남편이 좋아해서 늘 떨어지지 않게 구매해요,,658,5,3,0
rgw545,5,"항상 애용하는 태풍몰~~쿠폰,카드할인, 포함 싸게 구입했어요 감사합니다 많이파세요",,659,5,4,0
kkg1603,5,배송 빠르고 맛있고 컵도 예쁘네요~ 대만족♡,,660,5,5,0
jht327,5,향부터 일반 카누와 달라요. 맛도 좋고 시그니처만 구매하게되네요,,661,5,1,0
lkq1274,5,SF 매번구매하는상품이므로두말하면 잔소리입니다 다음번에도,,662,5,2,0
rwf277,5,사무실 직원들이 좋아해요 총알배송에 유통기한도 길고 맘에 들어요 다음에도 재구매 의사 있습니다,,663,5,3,0
rgw545,5,항상 구매해서 먹는 제품이에요~맛있고 사이즈도 딱 좋아요,,664,5,4,0
kkg1603,5,항상 먹던거라 자주 구매해서 먹고 있습니다. 매우 만족합니다.....................................................^^,,665,5,5,0
jht327,5,항상 먹는겁니다..간단히먹을수있어서 좋아요^^휴대도 편하고요..감사합니다.,,666,5,1,0
lkq1274,5,매번 구매해서 먹는데 좋아요 다먹고나면 또 구매할께요!!,,667,5,2,0
rwf277,5,배송도 하루만에 왔고 맛은 항상 먹는거라 맛있어요,,668,5,3,0
rgw545,5,직원들이 이거로 마시는 사람이 많아졌어요.. 자주 구매예정,,669,5,4,0
kkg1603,5,맛있는 카누 마이고 패들 모으느라 여러번 샀네요..ㅎㅎ,,670,5,5,0
jht328,5,역시 커피중에 당연히 탑은 카누인 듯 합니다.자주 시켜먹는데 질리질 않아요,,671,5,1,0
lkq1275,5,할인해서 싸게 샀어요. 사은품 말고 커피주는게 더 좋아요,,672,5,2,0
rwf278,5,선물용으로 구매쌨어요 대용량 가격 좋구요 쿠폰사용으로 좀더 저렴하게 구입했어요,,673,5,3,0
rgw546,5,유통기한이 길어서 쟁여놓고 먹어요 좋아용,,674,5,4,0
kkg1604,5,사은품 머그컵으로 왔어요. 머그텁 상당히 맘에 드네요.,,675,5,5,0
jht328,5,미니 카누 넘 좋아서 계속 구매하고 있습니다.,,676,5,1,0
lkq1275,5,유통기한 길고 배송빠르고 선물 텀블러 좋아요,,677,5,2,0
rwf278,5,아이스아메리카로 마시니 카펭못지않게. 맛있어요,,678,5,3,0
rgw546,5,만족스러운 상품이에요. 잘 받았습니다. 많이 파세요 ^^,,679,5,4,0
kkg1604,5,질좋은제품 싸게 잘샀습니당 ㅎㅎㅎㅎㅎ 사내 비치용으로 샀는데 아주 잘샀어요,,680,5,5,0
jht328,5,배송도 빠르고 유통기한도 길고 한동안 사무실에 커피걱정 없을듯 합니다.,,681,5,1,0
lkq1275,5,잘샀습니다. 감사합니다. 사은품없는 커피만 좀 싸게 올라왔음 좋겠음,,682,5,2,0
rwf278,5,늘 마시는 제품 저렴하게 구매해서 좋ㅈ아요,,683,5,3,0
rgw546,5,카누는 항상 떨어지기전에 구매해서 아침마다 한잔씩마시는데 저렴하게 구매했내요,,684,5,4,0
kkg1604,5,배송도 엄청 빠르고 제품도 저렴하게 잘 샀네요 ㅋㅋ,,685,5,5,0
jht328,5,매번 싸게 구매해서 대만족입니다. 덤으로 텀블러까지 득템!! 잘쓸게요^^,,686,5,1,0
lkq1275,5,카누 항상 먹는데 세일할때마다 사고 있어요이번에도 많이 세일해서 샀어요,,687,5,2,0
rwf278,5,스텐머그컵이 맘에들어요커피도 맛있어요,,688,5,3,0
rgw546,5,싸게 잘 샀구요 배송도 빨라요 보내주신 사은품도 맘에 듭니다 담에 또 구매할게요,,689,5,4,0
kkg1604,5,？고마시는 카누에요 장마때문인지 배송이 좀 늦었던것 빠고는 만족합니다,,690,5,5,0
jht329,5,늘 먹던 커피에요 맛있게 잘먹을께요~~,,691,5,1,0
lkq1276,5,유통기한 1년이고 저렴하게 잘샀네요.,,692,5,2,0
rwf279,5,싸게 잘 산듯 보온병은 다른색으로 왔으면 좋았을텐데,,693,5,3,0
rgw547,5,저렴하게 잘 구매했네요~~ 배송도 빠르고 포장상태도 좋아요~~,,694,5,4,0
kkg1605,5,배송은빠른데 패들상품이아닌걸보내주셧어요,,695,5,5,0
jht329,5,매번 주문하고 있습니다~ 우선 배송이 빨라서 좋아요~ 하루만에 오니까요 ㅎㅎ 배송상태도 파손부분 없이 깔끔하네요~,,696,5,1,0
lkq1276,5,배송도 빠르고 좋아요~ 잘마실게요 감사합니다.,,697,5,2,0
rwf279,5,항상 떨어지면 사는 커피!!맛나요~~~ 다른곳보다 저렴해요~~~~~,,698,5,3,0
rgw547,5,배송도 빠르고 저렴하게 잘 구입했어요~~ 당분간은 커피 걱정없이 지내겠네요~~ 다른곳보다 저렴하게 잘 구입한거 같아요~,,699,5,4,0
kkg1605,5,오배송된 물건 빠른 교환처리 해주어 다행요,,700,5,5,0
jht329,5,할인된 가격에 잘 구매했어요. 유통기한은 22년 6월까지 입니다.,,701,5,1,0
lkq1276,5,사은품도.좋고어제2시에 결제하구 오늘 오전에 받았어요완전빠르고 조하용,,702,5,2,0
rwf279,5,랜덤인 보온병 맘에 들어요요즘 나오는 병이고 새지 않을것 같아요,,703,5,3,0
rgw547,5,항상 태풍몰에서 저렴하게 구입할수있어서 좋아요~ 이번에 사은품도 받아서 더 좋으네요,,704,5,4,0
kkg1605,5,대용량으로 좀 더 싸게 구입했어요 항상 애용합니다. 재구매의사 있구요,,705,5,5,0
jht329,5,빠른배송과 유통기한이 넉넉해서 좋아요.자주시켜먹고있습니다^^,,706,5,1,0
lkq1276,5,배송도 빠르게 오고 걱정했던 유통기한도 길어서 좋습니다,,707,5,2,0
rwf279,5,커피도 맛있고 롱스텐머그도 좋아요~~^^,,708,5,3,0
rgw547,5,할인쿠폰사용해서 삿네요 가격？？고 맛도좋고 배송도빨라서 좋아요,,709,5,4,0
kkg1605,5,쓴거 실어하는분은 강추. 근데 사은품이랜덤이라더니20개추가로 왔네요,,710,5,5,0
jht330,5,대용량으로 싸게 잘산거 같아요배송도 빠르고 제품도 괜찮네요,,711,5,1,0
lkq1277,5,늘 회사에서 먹는 제품이예요. 양도 많고 배송도 빠르고 좋아요..,,712,5,2,0
rwf280,5,항상 구매하는 카누에 예쁜 보온병까지 받아서 좋네요,,713,5,3,0
rgw548,5,언제나 맛좋은카누 좋아요~~,,714,5,4,0
kkg1606,5,배송 빠르고 유통기한 넉넉 쿠폰 할인으로 알뜰구매 좋았어요 ~~~,,715,5,5,0
jht330,5,깔끔한 카누 다크 미니 카드할인까지 받아서 아주 저렴하게 구매,,716,5,1,0
lkq1277,5,음..랜덤사은품이 컵이였다는..이건안오길바랬는데ㅎㅎ,,717,5,2,0
rwf280,5,사무실에서 출근시간 촉박시 테이크아웃 힘들때 비상용으로 굿입니다.^^,,718,5,3,0
rgw548,5,아이스 아메리카로마시니 정말맛있어요,,719,5,4,0
kkg1606,5,좋아요자주구매하는 상품이예요재구매의사 있어요많이 파세요,,720,5,5,0
jht330,5,텀블러도 예쁘고 배송도 빨라요 . 싸게 사서 재구매했네요,,721,5,1,0
lkq1277,5,커피를 좋아하는 남편을위해 주문했어요 이제품이 제일이라고 하네요,,722,5,2,0
rwf280,5,늘 마시는 카누입니다 ^^ 사은품도 주셔서 만족해요 잘먹을게요~♡,,723,5,3,0
rgw548,5,텀블러 사은품 오는 상품으로 골랐어요,,724,5,4,0
kkg1606,5,커피는 카누 항상 마셔요저렴하게 잘 구매했네요,,725,5,5,0
jht330,5,사은품 랜덤을 믿었는대.. 집에 검정 미니 컵세트만 3개있네요;;,,726,5,1,0
lkq1277,5,배송도 빠르고 좋습니다!! 잘먹을게요~~~,,727,5,2,0
rwf280,5,싸게잘샀어요집에서없어서안될커피쟁겨두고먹기좋아요,,728,5,3,0
rgw548,5,싸게 잘구매했습니다. 할인할때마다 구비해두는데 배송도 빠르내요,,729,5,4,0
kkg1606,5,이번에 쇼킹딜에 떠서 싸게 구매했습니다 배송 및 포장상태도 만족합니다 다음에 딜이 뜨면 재구매 에정입니다 마니파세요~,,730,5,5,0
jht331,5,사은품이 있어서 좋아요 커트러리 이뿌네요!,,731,5,1,0
lkq1278,5,사무실에서 먹을려고 구입했어요~ 배송도 빨리 오구 사은품도 잘 왔습니다~ 맛도 역쉬 맛있어요 ㅎㅎㅎ,,732,5,2,0
rwf281,5,두개삿는데...같은 사은품이왓는데..사은품 컵이너무조그매요,,733,5,3,0
rgw549,5,다음날 바로도착했어요~ 장바구니할인받아 저렴하게 구매했네요,,734,5,4,0
kkg1607,5,어제 주문하고 오늘 받았어요. 유통기한도 2020년3월로 엄청길어요.,,735,5,5,0
jht331,5,빠른 배송 및 꼼꼼한 포장으로 상품을 안전하게 받았습니다,,736,5,1,0
lkq1278,5,순한 맛이라고 해야하나. 부드럽고 깔끔해서 좋아요.,,737,5,2,0
rwf281,5,유통기한 길어좋아요.커피잔은 별로에요.,,738,5,3,0
rgw549,5,총알배송에 유통기한도 길고 맘에 들어요 다음에도 재구매 의사 있습니다,,739,5,4,0
kkg1607,5,항상 즐겨마시는거라 세일할때 2세트 샀어요. 좋아요.,,740,5,5,0
jht331,5,생각보다 배송 빠르고 넘 좋아요 가격은 더 저렴했르면 좋겠어요,,741,5,1,0
lkq1278,5,빠른배송 믿고 마시는 카누?,,742,5,2,0
rwf281,5,카누 맛나요다먹고 다시 주문요,,743,5,3,0
rgw549,5,옵션:카누미니마일드100Tx2개+랜덤사은품x2개-1개 사은품으로 보온병 받았습니ㅏㄷ.,,744,5,4,0
kkg1607,5,카누마일드넘맛있어요 저렴한가격에 텀블러까지？굶튼㈃求？,,745,5,5,0
jht331,5,싸게 잘 산것같아요 많이 파세요 ~♡,,746,5,1,0
lkq1278,5,커피는 말할것도 없고 텀블러 너무 이쁘네요.,,747,5,2,0
rwf281,5,유통기한도 길고 배송도 빠르고 좋네요 시중보다 좀 저렴하것 같고 앞으로 잘 애용할께요,,748,5,3,0
rgw549,5,유통기한도 넉넉하고 좋아요,,749,5,4,0
kkg1607,5,배송 빠르고 저렴하게 구매 했어요.,,750,5,5,0
jht332,5,커피는 카누만한게 없어요 맛나요 잘 마시고 있습니다,,751,5,1,0
lkq1279,5,맛있어요 꼭 쟁여두고 먹게됩니당,,752,5,2,0
rwf282,5,믿고 사는 카누 좋아요,,753,5,3,0
rgw550,5,커피는 카누가 최고입니다.애용하는 커피입니다.,,754,5,4,0
kkg1608,5,유통기한도 길고 맛있어요,,755,5,5,0
jht332,5,카누커피 자주 먹으니 계속 사게 되네요 정말 프림없이 좋아요,,756,5,1,0
lkq1279,5,카누늘 맛있게 먹고 있어요~,,757,5,2,0
rwf282,5,잘받았어요. 배송도 빠르고 좋아요,,758,5,3,0
rgw550,5,늘 쟁여두고 마시는 커피예요..,,759,5,4,0
kkg1608,5,좋은 가격 빠른배송 감사합니다,,760,5,5,0
jht332,5,맥심카누 믿고 먹는 커피 입니다.잘 마시고 있어요. 감사,,761,5,1,0
lkq1279,5,세일해서 넘 좋아요맛은 몇년째 즐기는 그맛입니다,,762,5,2,0
rwf282,5,유통기한도 길고 좋아요,,763,5,3,0
rgw550,5,할인받아서 싸게 구매했네요.. 배송도 엄청 빠르네요~^^,,764,5,4,0
kkg1608,5,빠른배송 감사합니다 박스가 살짝 젖어오긴했는데 괜찮아용,,765,5,5,0
jht332,5,맛나게 편하게 아주 잘 마시고 있습니다. 금방 재 주문할듯 합니다.,,766,5,1,0
lkq1279,5,늘 먹는 제품입니다. 세일할때 구매해서 좋아요,,767,5,2,0
rwf282,5,늘 이용하는 제품입니다 타사 커피에 비해 맛있어요,,768,5,3,0
rgw550,5,맛나요 싸고 배송 빠르고 좋네요 잘 샀습니다 많이 파세요,,769,5,4,0
kkg1608,5,카드 추가 할인받아서 저렴하게 구매했어요. 늘 마시는 카누~ 잘 마시고 또 구매할께요~,,770,5,5,0
jht333,5,"제품이 최고에요, 유통기한이 길어요, 배송이 빨라요~",,771,5,1,0
lkq1280,5,항상 마시던 커피로 재구매하고 항상 마시고 있어요. 맛과 향이 만족스러워요.,,772,5,2,0
rwf283,5,좋은 가격에 잘 구매했어요,,773,5,3,0
rgw551,5,늘 먹는거라 할인할때 저렴하게 사서 좋았어요,,774,5,4,0
kkg1609,5,가격이 저렴하고 배송빠릅니다 200개하고 240개하고 가격이 비슷사더라구요,,775,5,5,0
jht333,5,빠른배송감사합니다.커피가떨어？병쨉Ⅰ㉪聆爛求？,,776,5,1,0
lkq1280,5,매일먹던거시켰어요~ 상품은랜덤이라아쉽네요ㅎㅎ,,777,5,2,0
rwf283,5,늘 먹던 거라 싸게 잘 샀어요 텀블러 부자됐네요ㅋ,,778,5,3,0
rgw551,5,커피믹스만 먹다가 반원두? 먹으니맛나네요,,779,5,4,0
kkg1609,5,정말좋은제품을구매할수있어서너무조아요,,780,5,5,0
jht333,5,늘 먹는 카누라서 떨어지기 무섭게 주문했네요,,781,5,1,0
lkq1280,5,항상 먹는 제품이라 싼가격에 구매했습니다 많이 파세요,,782,5,2,0
rwf283,5,향도 좋고 자주 먹는 커피예요 집에서도 회사에서도 자주 먹고있어요,,783,5,3,0
rgw551,5,할인 받아서 좋은구성 상품 잘 샀어요 많이 파세요~^^,,784,5,4,0
kkg1609,5,쿠폰적용해서 싸게샀어요. 제품좋아요. 배송빨라요.,,785,5,5,0
jht333,5,늘 마시던 카누 저렴하게 구매해서 좋아요,,786,5,1,0
lkq1280,5,카누커피 프림없어 좋아요 재구매예정입니다.,,787,5,2,0
rwf283,5,십일절에 할인받아 싸게 잘 샀어요 감사합니다,,788,5,3,0
rgw551,5,커피우유 만들어먹느라 자주 구매하는데 싸게 잘 구매했어요~,,789,5,4,0
kkg1609,5,늘 사먹는데 같이오는 사은품도 맘에들어요 단지 디자인?ㅋㅋ,,790,5,5,0
jht334,5,배송 빨라서 좋고 물건도 깨끗하니 좋아요~,,791,5,1,0
lkq1281,5,배송 빨라서 좋고 물건도 깨끗하니 좋아요~,,792,5,2,0
rwf284,5,배송 빨라서 좋고 물건도 깨끗하니 좋아요~,,793,5,3,0
rgw552,5,배송 빨라서 좋고 물건도 깨끗하니 좋아요~,,794,5,4,0
kkg1610,5,배송 빨라서 좋고 물건도 깨끗하니 좋아요~,,795,5,5,0
jht334,5,배송 빨라서 좋고 물건도 깨끗하니 좋아요~,,796,5,1,0
lkq1281,5,커피는 카누가 제일 깔끔한거 같아서 계속 주문합니다,,797,5,2,0
rwf284,5,당일출고무료배송카누미니200티잘받아습니다많이파세요,,798,5,3,0
rgw552,5,배송도 빨리오고 할인가격에 잘구매했내요.,,799,5,4,0
kkg1610,5,총알배송 늘이용하고 있습니다~ 맛나게 먹겠습니다~,,800,5,5,0
jht334,5,늘 주문힙니다. 너무 같은 사은품이라 아쉽네요,,801,5,1,0
lkq1281,5,분홍 텀블러 3개네요ㄷㄷ 색이라도 다른거 주시지;;,,802,5,2,0
rwf284,5,정말 자주 구매하는 제품 중에 하나 입니다. 사무실에 커피는 없으면 안됩니다~,,803,5,3,0
rgw552,5,배송빠르고 할인해서 싸게샀어요!배송빨라요,,804,5,4,0
kkg1610,5,좋아요 항상 맛나게 잘먹겠습니다 감사합니다.,,805,5,5,0
jht334,5,항상먹는제품이고 배송은증말빨라요 대만족,,806,5,1,0
lkq1281,5,물품빼고 대용량이 좋은데 더이상 없나요,,807,5,2,0
rwf284,5,늘 먹는 제품입니다 새로운 텀블러도 받았네요,,808,5,3,0
rgw552,5,좋은 제품 구매해서 잘먹고 있어요 재구매 할께요,,809,5,4,0
kkg1610,5,향도 좋고 유통기한도 길어요 저렴하게 잘 구입했어요,,810,5,5,0
jht335,5,항상 여기서 주문하는것 같아요. 가격도 제일 저렴하구요,,811,5,1,0
lkq1282,5,좋아용 좋아요 좋아요 사은품은 검은컵 2개,,812,5,2,0
rwf285,5,빠른배송좋아요 사무실에서구입좋아요잉,,813,5,3,0
rgw553,5,배송도 상품도 다 좋아요 잘먹을게요!!!!!!!!!!!!,,814,5,4,0
kkg1611,5,배송 진짜 빨라요 항상 시키는 제품입니다~ 사무실에 없으면 큰일납니다.,,815,5,5,0
jht335,5,가격도 저렴하고 사은품도 마음에 듭니다. ㅋ,,816,5,1,0
lkq1282,5,배송도 빠르고 저렴하게 잘 구입했습니다.,,817,5,2,0
rwf285,5,카누 제일 맛나요비싸지만 늘 사게 되네여,,818,5,3,0
rgw553,5,배송도 빠르고 가격도 저렴하게 잘 샀어요,,819,5,4,0
kkg1611,5,엄마가 카누 다크를 좋아하셔서 시켜드렸어요,,820,5,5,0
jht335,5,카누개운해서좋고저렴하게구매함,,821,5,1,0
lkq1282,5,할인받고 저렴하게 잘받았어요 또구매할게요,,822,5,2,0
rwf285,5,가격도 저렴하고 배송도 빠르고 좋아요~,,823,5,3,0
rgw553,5,행사 준비로 대량 주문했는데 총알배송 감동입니다!,,824,5,4,0
kkg1611,5,대량으로 살일이 있어서 싸게 잘샀어여,,825,5,5,0
jht335,5,배송이빠르다 맛나게먹겠읔 맛있겠다 냠냠,,826,5,1,0
lkq1282,5,배송 빠르구요.다른곳보다 저렴해서 다시 구매합니다^^,,827,5,2,0
rwf285,5,배송도 빠르고 상품도 좋아요 완전 강추합니다,,828,5,3,0
rgw553,5,마트보다 저렴한가격에 사게되서 기분좋아요 많이 파세요 ㅎㅎ,,829,5,4,0
kkg1611,5,배송은빨랐으나 포장상태는 쫌 그랬어요,,830,5,5,0
jht336,5,맛있어서 또 구매했어요. 번창하세요~^^,,831,5,1,0
lkq1283,5,라떼. 맛있어요또구매할께요^^,,832,5,2,0
rwf286,5,좋은 상품 저렴하게 잘 구매했습니다.,,833,5,3,0
rgw554,5,커피값 오른대서 미리 많이 주문했어요,,834,5,4,0
kkg1612,5,여기가 빠르고 가격도 만족스러워서 자주 시킵니다,,835,5,5,0
jht336,5,배송 완전 빠름!! 가격 착함!! 많이 파세요~^^,,836,5,1,0
lkq1283,5,배송 빠르고 유효기간도 길어요 ㅎㅎ,,837,5,2,0
rwf286,5,배송도빠르고 맘에들어요ㅎ많이파세요~~~~,,838,5,3,0
rgw554,5,싸게 샀는데 사은품까지 ？어서 좋네요,,839,5,4,0
kkg1612,5,항상 카누마누먹어요 진하고좋？슈求？,,840,5,5,0
jht336,5,아이스커피랑 섞어 먹으면 맛나요 사은품 빵빵해서 좋구요,,841,5,1,0
lkq1283,5,굿 굿 배송빠르고 유통기한도 길어요.,,842,5,2,0
rwf286,5,배송도 빠르고 가격도 저렴해서 좋았어요,,843,5,3,0
rgw554,5,배송도 빠르고 저렴하게 구입했습니다.,,844,5,4,0
kkg1612,5,가격도 저렴하고 배송도 빠르고 좋네요,,845,5,5,0
jht336,5,배송도 빠르고 가격도 저렴하고 좋아요,,846,5,1,0
lkq1283,5,배송도빠르고싸게구매했습니다~!,,847,5,2,0
rwf286,5,최고예요 싸게 샀어요 괜찮네요 빨라요,,848,5,3,0
rgw554,5,최고예요 싸게 샀어요 괜찮네요 빨라요,,849,5,4,0
kkg1612,5,"저렴한 가격, 빠른배송에 만족합니다.",,850,5,5,0
jht337,5,항상구매하던제품이라 만족합니다.,,851,5,1,0
lkq1284,5,텀블러 이쁘네요 배송도 빠르고 좋아요,,852,5,2,0
rwf287,5,다묵고 또 시켯는데 또 다묵고 또 시킬게요ㅋㅋ,,853,5,3,0
rgw555,5,저수학1등급맞을것같아요책임져,,854,5,4,0
kkg1613,5,싸다구 너무 좋다구 그래서 사랑한다구 11번가,,855,5,5,0
jht337,5,항상 이용하는건데 싸게 잘샀어요.,,856,5,1,0
lkq1284,5,잘 받았습니다~ 배송 빠르고 상품 좋네요 ㅎㅎ,,857,5,2,0
rwf287,5,저렴하게 구매할수 있어서 좋아요~~,,858,5,3,0
rgw555,5,카누다크는 제가즐겨마시는커피에요,,859,5,4,0
kkg1613,5,엄마드신다고 샀는데 깔끔한카누!,,860,5,5,0
jht337,5,계속해서 구매하고 있는 제품이네요.,,861,5,1,0
lkq1284,5,빠른 배송에 사은품까지 만족합니다^^,,862,5,2,0
rwf287,5,"할인 혜택 많이 받고 싸게 샀어여, ^^",,863,5,3,0
rgw555,5,만족스러운 상품이에요매번 잘 먹고 있어요,,864,5,4,0
kkg1613,5,저렴하게 잘 샀어요~ 배송도 빨라요~,,865,5,5,0
jht337,5,가격 저렴하게 잘 구매한거 같네요~~,,866,5,1,0
lkq1284,5,빠른배송으러 좋은상품감사해요,,867,5,2,0
rwf287,5,늘 먹는 상품 이에요. 저렴하게 샀어요.,,868,5,3,0
rgw555,5,배송도 빠르고 저렴하게 잘삿어요~,,869,5,4,0
kkg1613,5,항상 먹는 제품..세일해서 샀네요.;,,870,5,5,0
jht338,5,배송 빠르고 저렴하게 잘 샀습니다!,,871,6,1,0
lkq1285,5,"회사 커피에요, 카누 다크가 젤 좋아요",,872,6,2,0
rwf288,5,"회사커피에요, 카누 다크가 젤 좋아요",,873,6,3,0
rgw556,5,할인쿠폰으로 저렴하게 구매했어요.,,874,6,4,0
kkg1614,5,배송빠르고 가격 저렴하게 잘샀네요,,875,6,5,0
jht338,5,배송도 빠르고 싸게 잘산듯해요,,876,6,1,0
lkq1285,5,텀블러가필요한데두개다머그컵,,877,6,2,0
rwf288,5,텀블러 이뻐요. 배송빨라서 좋아요.,,878,6,3,0
rgw556,5,정말 싸게 샀어요. 마트에서 사는 것의 반값정도로 산것 같습니다. 배송도 무지 빠르구요 같이 온 컵도 마음에 드네요 다음에 도 또 구입해야겠어요.,,879,6,4,0
kkg1614,5,유통기간도 길고 좋네요~~~,,880,6,5,0
jht338,5,좋은제품 빠른배송 감사합니다^^,,881,6,1,0
lkq1285,5,쿠폰할인받아 저렴하게 잘샀네요,,882,6,2,0
rwf288,5,빠른배송 저렴한가격 감사합니다 ^^,,883,6,3,0
rgw556,5,저렴한 가격에 사서 너무 좋아요,,884,6,4,0
kkg1614,5,배송도 빠르고 저렴하게 잘 샀어요,,885,6,5,0
jht338,5,좋아요ㅎ맛있어요ㅎ컵도좋네요ㅎ,,886,6,1,0
lkq1285,5,카누가 제일 부드럽고 맛나요 ㅎㅎ,,887,6,2,0
rwf288,5,사은품으로컵이왔는데맘에듭니다,,888,6,3,0
rgw556,5,사이즈도 적당하고 맛도 깔끔해요,,889,6,4,0
kkg1614,5,빠른 배송과 저렴한 가격 좋아요,,890,6,5,0
jht339,5,좋은상품 저렴하게 구매하였습니다,,891,6,1,0
lkq1286,5,배싱 빠르고 아주 싸게샀어요,,892,6,2,0
rwf289,5,저렘하고 카누는 너무 맛있어요,,893,6,3,0
rgw557,5,저렴하고 빠른배송에 만족합니다.,,894,6,4,0
kkg1615,5,싸게잘사네요 카누맛나요ㅎ,,895,6,5,0
jht339,5,저렴한 가격에 잘산듯합니다,,896,6,1,0
lkq1286,5,배송도 빠르고 포장 상태도 양호합니다,,897,6,2,0
rwf289,5,빠른배송너무감사하고대박나세요,,898,6,3,0
rgw557,5,카누 맛나요.. 달력도 좋구요..,,899,6,4,0
kkg1615,5,무난하고 대중적인카누ㅎㅎㅎ,,900,6,5,0
jht339,5,늘 먹던거라 싸게 주문해서 좋네요,,901,6,1,0
lkq1286,5,양도많고 상품도 만족합니다,,902,6,2,0
rwf289,5,상품도 만족하고 구성도 좋아요 배송도 빠르네요,,903,6,3,0
rgw557,5,싼가격에잘싼것같아요,,904,6,4,0
kkg1615,5,싼가격에잘싼것같아요,,905,6,5,0
jht339,5,좋은 제품 싸게 잘 샀어요^^,,906,6,1,0
lkq1286,5,싸게 잘산것같아요 많이파세요^*^,,907,6,2,0
rwf289,5,잘 먹겠습니다^^ 빠른 배송 감사합니다.,,908,6,3,0
rgw557,5,배송 빠르고 싸게 사서 좋아요.,,909,6,4,0
kkg1615,5,★주문은 2020.10.11 이고 유통기한은 2021.09.17 이네요.약 1년 정도인데 하루에 두잔정도 마시고 손님오면 내고 하다보면 금방 마시겠다 싶네요.^^★한 박스 안에 30개 씩 4박스로 들어있네요.만날 모카골드커피믹스 시키다가 이거 처음으로 샀는데 작아서 놀랐네요.ㅋ★상품상자에 테잎감아서 송장붙어 왔어요. 안에 개별포장박스 있어 다행이다 싶긴한데 비오거나 했음 어쩔뻔했나 싶네요.^^;;★맛은 카누 특유의 고소한(?)맛이예요. 커알못이지만 요즘 믹스커피보다 아메리카노가 더 땡기다보니 처음으로 구입했는데 입맛에 맛네요.^^★저렴한 커피전문점 느낌의 맛이라 맘에 들어서 이제 이것만 마실까 싶어요^^★다른 사은품이나 그건거 필요없이 커피를 더 받을수 있으니 좋네요. 텀블러나 무릎담요는 넘처나서요.ㅋ 마음에 드는 구성이네요^^,,910,6,5,0
jht340,5,설명절인 십일절에 주문완료했는데 일요일 출고해주셔서 월요일에 바로 받았어요 배송은 진짜 대박! 근데 사은품은 질문 게시판보면 저랑 비슷하게 다들 혼선이 많았나봐요 사진 상 사은품은 컵이나 텀블러를 생각했거든요~ 아무튼 커피는 맛있네요! 유통기한도 넉넉해요 영상에도 담겨있습니다,,911,6,1,0
lkq1287,5,카누 다크 로스트 아메리카노 매일 매일 하루의 시작부터 마무리까지도 맛있는 카누 미니 다크로 역시 나만의 커피랍니다.밥보다 커피를 더 좋아하고 수시로 마시기에 카누 미니 다크 점점 빨리 줄어들지만 비싼 매장 커피 부럽지 않아서 너무나 좋더라구요.120티 30티 4개보다 100티 박스에 20티 추가 되어 있으니 기획상품 120티처럼 송장 바로 붙어서 지저분하게 배송되지 않고 이중박스 포장으로 오니 아주 깔끔하고 꺼내서 사용하기도 훨씬 편해서 좋았어요.커피는 진하게 마시는 편이라서 다크 두개씩 타서 마시는데 진하면서도 부드럽고 깔끔한 맛이 참 매력있고 좋아서 오늘도 카누 다크 대만족하면서 즐기고 있답니다.,,912,6,2,0
rwf290,5,얼마전까지 믹스커피를 하루3잔정도 마시는 사람이었어요.그런데 믹스가 안좋다는 프로그램을 심각하게 본후 바꾸어겠다 생각한뒤 선택한것이 카누 였어요.설탕없는걸 먼저먹어봤는데 제입맛에는 아직 길들여지지않아서 쓴커피 맛이나서 먹기 거북했어요.그래서 차차 바꿔보자 해서 일단 스위트로 결정하고 먹었더니 그나마 먹을만했어요.지금 몇개월이 흐른후 이제 믹스커피는 입에도 안되고 있어요.스위트아메리카노가 입맛에 딱 맞아서 하루 2잔정도 마시고 있어요.편의점 같은데서는 많이 비싼데 쿠폰까지 적용으로 저렴히 구입한것같아요.향후 몇년간은 계속 이제품으로 직진할거 같네요~!!,,913,6,3,0
rgw558,5,맛있은 카누 다크 지난달에 구매한 100티 제품은 3주도 안되어 다 타서 마시고 이번엔 120티 기획 제품 2개인 240티로 구매해서 잘 마시고 있답니다.백티는 택배 박스에 다시 포장이 되어 배송이 되지만 120티는 속에 박스가 있어서인지 2개라고 해도 그냥 테이프만 붙은 상태로 배송이 오기 때문에 많이 지저분한 감은 있는데 어쩔 수 없네요.늘 그렇듯이 받자마자 물티슈로 대충 닦고 30티 4박스 총 8박스 꺼내놓고 겉박스는 바로 치우는데 백티의 똑같은 랜덤 사은품 원하지 않을 때는 맛난 커피만 더 있는 것으로 구매하는 것이 진리인 것 같아요.카누 1개당 100에서 120ml의 물이 맛과 향을 즐기는 기준이라고 하지만 연하게 마시기도 하고 진하게 마시기도 하는 입맛들이 다르기 때문에 기준점을 두고 내가 타서 마실 때는 내맘대로 아메리카노 물조절이 정답인 것 같아서 한개 두개 용량에 맞추어 오늘도 진하게 카누 다크 아주 맛있게 즐기고 있답니다.밥보다 커피를 더 좋아하고 수시로 마시다 보니 카누 다크 로스트 아메리카노 240티 구매해 놓으니 든든해서 더욱 만족스럽네요.,,914,6,4,0
kkg1616,5,태풍몰 답게 배송이 태풍 속도로 왔습니다판매자님 정말 고맙습니다카누커피야 뭐 말이 필요 할까요.. 국민 커피 아닙니까 ㅎㅎㅎ 아침에 출근해서 다크로스트 미니 한잔 타 먹으면 딱 좋아요 오늘은 초코케이크랑 같이 먹으니 더 맛있네요,,915,6,5,0
jht340,5,6월11일주문해서 이틀만에 배송되었네요 유통기한은 21년3월까지니까 긴편은 아니나 뭐 그안에 다 먹겠지요 요즘 내려먹는 커피를 선호하지만 카누는 요즘같은 더위에 카누2개와 꿀 1ㆍ5스푼을 넣고 뜨거운물 쪼금 넣어녹인후 찬우유붓고 얼음 5~6개 띄우면 짱 맛나고 션하고 달콤해서 더위와 피로가 싹 달아나는거같아요 카누 영원한존재의 이유입니다,,916,6,1,0
lkq1287,5,아 정말 믿고 사는 곳입니다.배송이 진짜 너무너무너무 빨라요!!!항상 주문하면 다음날 바로 받아요~지난달에 이어 이번 카누 사은품도 너무 탐이나서 구매했습니다.평소 다크 이용하는데 이미 품절이라 어쩔 수 없이 마일드로 구매했는데 사은품 받고 다크 포기하길 잘 했다~ 생각합니다.엄청 가볍긴한데 필요했던 구성이라 아주 좋습니다.유통기한 22년 10월 말일 까진데 회사에서 먹는거라 2달이면 다 먹고 또 시키겠죠.그때도 동일 사은품 있었으면 좋겠어용,,917,6,2,0
rwf290,5,맥심 카누 다크 로스트 아메리카노 오늘도 변함없이 수시로 맛있게 즐기고 있는 일인입니다.120티 2개가 이중박스에 담아져서 배송되니 깨끗하게 받아서 좋은데 진하면서 깔끔한 맛을 즐길 수 있는 카누 다크 로스트 언제나 마셔도 기분이 참 좋답니다.진한 커피 좋아하는 나에게 정말 잘맞는 다크 로스트 유통기한 길고 신선한 부드러움까지 마음에 들어서 카누 항상 대만족합니다.,,918,6,3,0
rgw558,5,"요즘 태풍몰에 푹빠졌네요,이번에 사무실에 카누커피 두려고미니다크(패들)100T+카라비너스텐컵(랜덤색상)x2개 주문했는데컵이 여러색이라 무슨색이 올지 보니까둘다 은색으로 왔는데세상에 ㅠㅠ 너무 마음에 쏙 들어요!!!ㅎㅎ할인기간에 10%중복쿠폰까지 사용해서더 저렴하게 구입했어요유통기한 넉넉한 하자없는 제품으로 잘 왔구요다음에도 또 구입할게요!!ㅎㅎ",,919,6,4,0
kkg1616,5,카누 미니 다크 로스트 아메리카노 선물받은 다른 커피들이 많아서 오랜만에 구매했는데 찐으로 좋아하는 원픽이라서 날마다 너무 잘 마시고 있어요.옵션에는 커피 사은품이 없었지만 게시판 보고 랜덤 사은품 대신 추가 커피로 온다는 걸 알고 바로 구매했는데 다크 플러스 20티가 아닌 추가 30티로 130티의 카누를 받게 되어 두배로 기분이 좋았답니다.나만의 홈카페에서 혼자 마셔도 둘이 마셔도 입맛에 맞는 물조절로 즐기는 카누 다크 로스트 비싼 매장 아메리카노 전혀 비교 안되고 정말 너무 맛있어서 어제도 오늘도 대만족합니다.,,920,6,5,0
jht340,5,다크만 먹는데 신상품이 나왔다고 해서 맛볼 겸 주문했어요!배송은 말해 뭐해요. 만하루만에 도착! 총알배송!!커피 맛은 잘 모르는데 확실히 다크보다는 연해요.지인은 훨씬 부드럽고 풍미가 있다네요.유통기한은 23년2월로 아주 넉넉해서 충분히 먹을 수 있을 것 같습니다!그리고 요즘 사은품이 진짜 정성껏 포장되서 오니 받는 입장에서 기분이 참 좋네요.,,921,6,1,0
lkq1287,5,200개를 사서 그런지 예전보다 유통기한이 다소 여유롭네요ㅎㅎ사은품은 머그 두개 받았습니다!바로 뜯고 설거지통에 둬서 동영상은 못찍엇네요ㅎㅎ커피 가격도 너무 많이 올라서ㅠ요즘 물가 진짜 장난 아니구나 싶습니다..그래도 오프라인보단 저렴하고 지금 당장 필요하니 그냥 샀습니다저번에 구매한 내역 보니까 가격이 오르긴 참 많이 올랐어요…ㅠㅠ,,922,6,2,0
rwf290,5,5월4일150개두세뜨300개 41800원에구매5월7일날배송완료 했습니다~~내년1월23일까지인상품이구요ok캐시백300점있는거모르고주문했다가뽀인트있는거보고 너무좋았어요ㅎㅎ근데 수수료를떼었는지270씩만지급해주더라구요 요거라두어딘가싶어조아라했던....카누먹은지한참되었는데일이년먹구좀질려서다른거없나하구눈돌렸었는데 카누만한게없드라구요요거마시면서 스벅캡슐도내려서마시고그래서인지이젠질린지는모르겟더라구요가족들도 여전히주문하라구하는거보면카누가맛있긴한가봐요~300개사다놨으니 한참은맛있게먹을수있을거같아좋구가격좋게사서 더좋습니다굿!!!,,923,6,3,0
rgw558,5,두세트 주문했는데 센스있게 의도 하신건지 모르지만 컵 색상이 다르게 와서 좋군요^^신랑은 가게에서 믹스커피 마시는데 아쥬 잘 사용하고 있어요~여름에 아이스 아메 사서 다 마시고 겨울이라 그냥 아메 주문했는데 저는 얼죽아인지 결국 아아로 먹네요ㅋㅋ;;;따뜻한물에 풀어서 붓는게 귀찮긴 하지만 맛이 아아 보다 산미가 조금 덜하고 부드러운듯?커피 맛은 잘 모르지만 제입엔 그렇게 느껴지네요^^,,924,6,4,0
kkg1616,5,맛 - 쓰긴 하지만 예전부터 쭉 음용중^^ 케이크나 쿠키하고 잘 어울림.유통기한 - 넉넉함 22년 8월 16일 까지배송기간 - 배송사 사정으로 하루 늦긴 했지만 사은품(도자기 컵)과 상품 회손없이 잘 받았음.내용물에 비해 좀 과대포장 되있는 것 같아 박스 크기를 조절해야 할 것 같고 다음에도 재구매 의사 있음.,,925,6,5,0
jht340,5,1. 10월13일 주문 10월15일 도착이니 배송은 일반배송치고 빠른 편입니다.2. 유통기한 2022.9.1.로 넉넉하고 1박스에 0.9g 120개 들어 있고 2박스 구성 있습니다. 캡술 커피가 아니라면 카누가 제일 맛있는 커피입니다.3. 고급 원두를 써서 그런지 깊은 풍미가 느껴지는 커피입니다.4. 카누 마일드 로스트 떨어지면 재구매할 예정입니다.^^,,926,6,1,0
lkq1287,5,동서 카누 미니 다크 로스트 아메리카노 늘 재구매하는 나를 위한 단골 제품이랍니다.진하면서도 부드러운 맛의 카누 다크 하루에 여러잔을 수시로 내입맛에 맞는 물조절로 맛좋게 즐기다 보니 마실 때마다 맛있어서 매장 비싼 커피 부럽지 않다는 느낌은 변함이 없더라구요.나만의 소소한 행복을 주는 카누 미니 다크 로스트 아메리카노 항상 대만족하면서 오늘도 부담없이 즐기고 있답니다.,,927,6,2,0
rwf290,5,진하면서 부드러운 맛있는 카누 미니 다크 로스트 아메리카노 매일 수시로 부담없이 즐기는 나의 활력소랍니다.명절 연휴중에 거의 똑떨어져서 한 두잔 원두 내려 마시던터에 연휴 끝나자마자 월요일에 바로 배송이 와서 정말로 기분 좋았답니다.카누 다크 받고 바로 2개 타서 마셨는데 역시 깔끔한 맛이 짱이였고 항상 나만의 홈카페에서 내입맛에 맞게 타서 마시는 아메리카노 카누 미니 다크 오늘도 대만족하며 즐기고 있답니다.,,928,6,3,0
rgw558,5,"늘 애용하고 있어요.카누의 맛은 다크로스트라 조금 진한것이 제 입에는 딱이에요. 찬물에도 따뜻한 물에도 잘 녹아서 들고 다니면서 먹기도 편해요.배송도 너무 너무 빠르고, 제품은 너무 너무 좋아요.단지 리뷰보니 랜덤이지만 컵을 주시길래 받고 싶어서 신청했다가 텀블러와서 개인적으로 조금 실망했이에요.저같은 실수 하지마시길^^",,929,6,4,0
kkg1616,5,이번에 카누에서 신제품 나왔다고 하는데 주문 안 할 수가 없더라구요. 물건은 오전 일찍 주문해서 바로 다음날 수령했습니다. 항상 빠른 발송 처리 감사드려요! 그리고 깜짝선물같은 호박즙 사은품도 감사드려요.제가 받은 상품의 유통기한은 2023/02/15까지입니다. 잘 마시고 사무실 사람들 반응 좋으면 다시 구매하러 오도록 하겠습니다!,,930,6,5,0
jht341,5,아이스로 따로 구매하지 않아도 잘 녹아서 물에 카누 2~3개넣고 저어서 녹인다음 얼음 넣고 마셔요~~카누 아이스커피로 이번 여름을 나고 있네요ㅎ,,931,6,1,0
lkq1288,5,커피는 카누죠~^^ 행사할때 잘사면 120개 14000원꼴로 구매할수있어서 행사기간 기다렸다가 남아있어도 질러요..ㅎ 신랑이랑 둘이 하루 5잔꼴로 마시니 금새 줄어드는것 같기도 하고.. 둘다 진하게 먹는편이 아니라서 양도 미니가 딱 정닥한듯 하구요.. 진하게 먹고싶을땐 다크로 부드럽게 먹고싶을땐 마일드로..ㅎ 두가지 번갈아가며 시켜서 늘 짱박아두고 마십니당~^^,,932,6,2,0
rwf291,5,오늘도 나만의 홈카페에서 진하고 부드러운 카누 다크 로스트 아메리카노 대만족하며 즐기고 있는 일인입니다.진한 커피 좋아해서 비싼 매장 커피보다 확실히 내입맛에 맞게 타서 마시는 카누 다크가 엄지척 맛있어서 참 좋더라구요.늘 여유있게 구매하기에 이번 구매 하루 이틀만에 오지 않았던 배송에도 다행히 멈춤없이 마셨고 새로 개봉한 카누 다크도 수시로 맛있게 즐기고 있답니다.,,933,6,3,0
rgw559,5,* 21.10.11 ㅡ 구매 22.09.02 ㅡ 유통기한으로 약 1년 정도이네요. 커피를 좋아해서 240T여도 3~4개월 안에 다 마시다 보니 개인적으로는 적당한 유통기한이네요.* 맛은 다들 아는 맛 이라 설명이 필요 없을 듯해요.* 지금 같이 추운 날씨에 따듯한 아메리카노 괜찮네요. 최근에는 달달한 호빵과 같이 먹으니 딱이네요.,,934,6,4,0
kkg1617,5,향이 너무좋아요~ 물많이 넣고 보리차처럼 연하게 마셔도 맛있고 물조금넣고 쓰게마셔도 좋고~아메리카노 안좋아하는사람인데 카누는 맛나요,,935,6,5,0
jht341,5,카누 자주 구매해요가장 저렴하고 갯수도 많아서 이 제품으로 구매했어요카누를 처음 먹어서 그런지 인스턴트 아메리카노 중에서 가장 깔끔한것같아요그래서 다른 브랜드먹다가 다시 카누로 옵니다유통기한 넉넉하고 배송 빠르게와요상자에 딱맞게 두개 들어있어요다음에 또 구매하려올게요,,936,6,1,0
lkq1288,5,이번에 사은품이 예쁜게 왔네요~ 거의 매번 텀블러여서 보통 사은품 없는걸로 사는대.. 이번엔 행사해서 사은품 있는걸로 샀더니 만족스럽습니다..근데 컵이 중국산이네요..도자기류라는데 중국산이라서..뜨거운물 담아도 될지..고민이 살짝 되네요..ㅠㅡㅠ 먹는거는 중국산 싫어요~많이 파세요!,,937,6,2,0
rwf291,5,"카누는 항상 11번가에서 주문합니다!맛: 블랙 인스턴트중에 제일 깔끔하고 무난해요~(개인적으로 이 제품은 신맛, 산미가 없어서 좋아요)유통기한: 2년 남은걸로 보내주셨네요가격: 11번가가 저렴해서 좋네요매일 아침 출근길에 커피타서 가네요~ 아침에 간편하게 먹기 좋아요! 제 리뷰가 도움이 되었으면 좋겠네요!",,938,6,3,0
rgw559,5,배송 안전하고 빠르게왔고요 항상 즐겨먹던 마일드를 이번엔 라이트로 바꿔봤네요사은품으로 컵이랑 텀블러가 왔네요텀블러보다는 커피20개들이가 더좋은데...맛은 좀더 순하고 부드러우면서 깔끔한듯!물론 개취입니다만 전 만족스럽내요,,939,6,4,0
kkg1617,5,평소 카누 아메리카노를 즐겨먹는데 조금 덜 씁슬함을 느껴보고 싶어 이번 제품을 구매해보았습니다ㅎㅎ스위트 아메리카노라 살짝 단맛은 있지않을까했는데 티나지 않게 적절히 즐기는 씁쓸함이랄까 깔끔하고 질리지 않네요^^한가지 아쉬운 점은 사은품이 택배박스 어디에도 보이지 않았다는 거네요^^;;,,940,6,5,0
jht341,5,카누 사은품 구성으로 샀는데 가격도 괜찮고 사은품 빅마우스 스텐 텀블러도 괜찮네요.두개를 샀는데 사은품이 같은것이 와서 쫌 아쉽긴 하지만 텀블러 둘레가 딱 차안에 놓기 좋은 사이즈라 맘에 드네요.카누를 즐겨먹는 편인데 늘 태풍몰에서 구입해요.가격도 가격이지만 구성품 조합도 좋아요.,,941,6,1,0
lkq1288,5,비교적 저렴하고 스테인리스 스틸 컵이 사은품이라 당장 구매했어요! 커피는 늘 먹던거라 믿고 삽니다~^^컵이 맘에들어서 더 사고 싶을 정도네요ㅎㅎ 그냥 보통 컵 크기예요. 만수가 300ml로 표기되어 있는데 250ml정도로 보면 될거 같아요. ^^,,942,6,2,0
rwf291,5,"주말에 샀는데 일욜에 배송시작되서 월욜에 받았어요..배송 빨라서 좋네요..랜덤사은품은 제가 잘못 보고ㅠ120개씩으로 되어있는줄 알았네요..사은품은..음..별루에요ㅋ 랜덤사은품은 안좋아하는데 120개씩에 랜덤사은품으로 잘못봐서ㅠ커피를 맛있게 마시겠습니다ㅋ 택배박스는 너덜너덜 왔지만빠른배송은 굳~?,",,943,6,3,0
rgw559,5,카누 맛있어요^^저는 커피를 원두로 갈아서 내려 먹으나 인스턴트나 딱히 맛이 거기서 거기 인것 같습니다.하하사은품이 뭘까 궁금했는데.. 30개를 추가증정 해 줬네요~~어설픈 사은품보다 커피가 더 많은게 기분이 좋아요^^쿠폰이랑 써서 저렴하게 구매해서 더 기분이 좋아요,,944,6,4,0
kkg1617,5,카누는 깔끔하고 개운한 커피맛이 나서 좋아요유통기한도 일년정도 남은걸 보니 제조된지 얼마 안된거 같네요 신선하고 카누 특유의 풍미가 있어서 역시 카누가 맛있어 하는 생각이 드네요이곳이 다른 판매처보다 가격도 저렴하고 할인도 많이 받아서 아주 만족스러운 구매였어요 잘 마실게요~,,945,6,5,0
jht341,5,"믿고 먹는 카누!!!박스없이 그냥 송장만 붙어 배송 되어 조금 놀람..그러나,유통기한도 넉넉한 제품 보내주시고,제품엔 이상무!!!매번 항상 이 제품만 마셔요.맛은 이미 알고 있으니,믿고 먹네요 :) 소진 될 때쯤 재구매 할께요:-)",,946,6,1,0
lkq1288,5,아빠께서 커피를 자주 드셔서 안 떨어지게 구비해놓는데 거의 다 드셔서 미리 구입했습니다. 미니라서 한 잔 용량으로 좋은 것 같습니다. 맛은 제가 커피를 먹질 않아서 잘 모르겠지만 아빠께서 맛이 괜찮으니 계속 드시고 재구매하시는 것 같습니다. 또 구매하러 올게요!,,947,6,2,0
rwf291,5,캡슐커피 먹는데 가끔 귀찮을때 편히 한잔 먹기에 딱 좋은 카누에요~ 남편은 회사에서 먹을 카누가 필요하다고 해서 겸사겸사 주문했어요.사은품은 필요치않아 150t 카누미니만 사는데 태풍몰이 제일 저렴해서 요기서만 구매 합니다. 이번에도 역시 만족합니다 ~ 유통기한도 22.10.25 까지로 넉넉합니다.,,948,6,3,0
rgw559,5,유효 1년가까이라 넉넉하네요그전에 다없어지겠지만~100개 사은품 두개짜리 주문했는데사은품이 없는지 130개 두개가 도착기분은 좋네요요즘 많이 올랐는데 싼가격에 260티를받았네요매일 서너잔씩 마시다보니 세일뜸무조건 삽니다 ㅋㅋ,,949,6,4,0
kkg1617,5,카누는 맛으로는 두말하면 입 아프죠. 미니가 사이즈도 적당하고 저처럼 연한커피를 좋아하시는 분들은 머그컵 한잔용으로 만들어서 마시기는 딱 좋은 양입니다. 11데이에 카드 할인까지 받아서 구매하니까 가격도 저렴해져서 좋습니다,,950,6,5,0
jht342,5,카누는 우유나 아이스크림에 타서 먹을때그 어떤 커피도 따라올수 없는풍미가 있어요. 여름내 얼린우유에 시원하게 맛있게 잘먹었습니다.카누알갱이가 찬물에 잘녹지않는데 달달한 아이스크림에는 오히려 그점이 장점이 되서 단맛을 진한커피맛으로 보완해줘서 완전 좋아요.,,951,6,1,0
lkq1289,5,"항상 먹는 커피인데 똑 떨어져서 주문했더니 배송 완전 빠르네요ㅎㅎ 진하게 먹을 땐 2개로, 연하게 먹을 땐 1개가 양이 적당해서 미니로 구매했어요~ 같이 사은품으로 온 컵도 야외활동이나 산에 갈 때 아주 유용하게 사용될 것 같아요ㅎㅎ만족합니다:)",,952,6,2,0
rwf292,5,"엄마 최애커피입니다~ 믹스만 평생드셨는데 초기당뇨증상으로인해 카누로 바꾸시더니 이제는 떨어지기전에 주문해두라고 꼭말씀하시네요^^ 집에 커피머신도 있고 다양한 커피, 차종류를 구비해두는데 이게 제일 입에 맞으시나봐요ㅎㅎ",,953,6,3,0
rgw560,5,작년에 패들때문에 카누 시작했는데 깔끔하니 맛있어서 중독됐네요~ㅋ작년 여름에 구입한거 얼만 전까지 다 먹었는데 또 도전해봅니다~사은품으로 주신 텀블러 큰 기대 안했는데 의외로 예쁘고 좋아요~^^,,954,6,4,0
kkg1618,5,카누 마일드 120×2개항상 애용하는 카누동서할인쿠폰으로 착한 가격에 구매해요.마일드와 다크 번갈아 구매하는데둘다 좋은듯해요유통기한은 2023.06.30여름철엔 아이스카누 구매 했었는데.일반 카누도 찬물에 잘 녹아 걍 요제품 으로 구매 합니다,,955,6,5,0
jht342,5,카누 다크가 가장 맛있어요!!떨어지지않게 늘 쟁여두고 사놓습니다ㅎ전에 사놓은것도 거의다 먹어서 바로 샀어요 ㅎㅎ요즘 같이 더운날은 미니 두개랑 얼음이랑 같이 시원하게 매일 마십니다~~^^같이 보내주신 텀블러 색상 예쁜게 와서 너무 좋아요^^,,956,6,1,0
lkq1289,5,유통기한길고 맛은 일반 다크 카누랑 큰차이 없어요 다만 디카페인이어서 카페인에 예민하신분들한테 잘 맞을거 같아요 사은품으로 준 블랭킷은 크기는 딱 무릎담요하기 좋은 사이즈고 두께는 얇지도 두껍지도 않고 실내에서 사용하기 좋은 두께감입니다,,957,6,2,0
rwf292,5,"[카누 시그니처 맛이 최고입니다~~]패들과 캠핑 용품을 사은품으로 줘서 다양하게 구매중입니다.법랑, 롱스텐머그등 모든 사은품 퀄리티 좋고 캠핑에 딱입니다.패들을 이용한 선물은 더 고급지고 다양해서 카누 이벤트 최고인듯합니다.~~",,958,6,3,0
rgw560,5,카누 커피향도 좋고 아메리카노 맛도 부드럽고아이스는 더 향도 많이나고 맛도 좋아요정수기 물에도 잘 녹아서 ~여름 대비로 아이스 아메리카노 먹기 시작해야겠어요먹다보니 이젠 외출할때마다 카누 아메리카노는 필수입니다,,959,6,4,0
kkg1618,5,저랑 신랑은 카누만 먹어요 밖에서 파는 커피 맛없는것도 많고 저희 입에 잘 맞아서 카누만 쟁여놓고 먹네요 한박스씩 꼭 쟁여놓고 매일 몇잔씩 마셔요 아침에 커피부터 마시는데 좀 연하게 태우면 보리차처럼 구수해요 ㅎㅎ,,960,6,5,0
jht342,5,남* 으로 잠깐 바꿨었는데 역시 카누가 맛있어요.다시 비싸도 주문했어요..점점 비싸져서 행사기간에 꼭 주문해야해요~여름에 시원하게 타 마시려고요.더 가격이 올라가지 않길..ㅜㅜ,,961,6,1,0
lkq1289,5,항상 회사 커피 주문해서 먹고 있어요. 사은품 컵은 이쁜데 사이즈가 너무작음 ㅡㅡ 좀 실용적으로 조금 더크게 만드시지 소스 담아 먹거나 에스프레소 먹기 좋을정도..,,962,6,2,0
rwf292,5,늘 집에서 마시는 카누 ㅋ여기서 자주구매하는지라쿠폰적용으로 좋은가격에 구매했어요갯수도 많고 커피좋아해서 금방 마시지만ㅜ늘 만족하며 구매하고잇어요,,963,6,3,0
rgw560,5,커피값 오른다고해서 바로 11번가에서 쟁여뒀네요ㅋㅋ스텐컵때문에 이 옵션으로 산건데 소진이라고 이미 집에 수십개있는 텀블러가 왔네여...역시 스틱추가증정으로 사는게 답이다ㅋㅋㅋ 카누 맛이야 뭐 말해모해요 늘 떨어지지 않게 챙겨놉니다.,,964,6,4,0
kkg1618,5,늘 믹스커피만 마시다가 블랙으로 갈아탔는데 미니여서 머그컵으로 하나 먹으면 딱 좋더라구요~커피숍에서 마실땐 써서 전 못마시겠더라구요~근데 카누미니는 딱 좋아요!여름엔 아이스아메리카노 만들어 먹을때도 찬물에도 잘 녹네요~ 이번여름엔 아아로 하루2~3번 계속 마셔댔네요 ㅋㅋ,,965,6,5,0
jht342,5,카누를 좋아하는 남편을 위해 구매했어요.미니보다 큰 걸 주로 먹었는데 품절이라 미니 150개로 구매했어요.ok캐쉬백도 300포인트 적립 되어서 기뻐요~~유통기한이 2022년 12월 27일이네요.유통기한도 길고 포장도 꼼꼼하게 보내주셔서 항상 만족하며 먹습니다!,,966,6,1,0
lkq1289,5,7월14일 주문 16일 토요일 도착유통기한 2023.6.29 거의 1년카누는 하루에 2~3개씩 먹으니다 먹을 수 있겠지요^~원터치 텀블러 350ml두개 다 핑크로 주셨네요이것저것 할인받아 3만원정도감사히 잘 쓰겠습니다패들 원하는 것 꼭 교환가능하길..,,967,6,2,0
rwf292,5,분말이 아니라 과립인 게 가장 마음에 듭니다. 사실 맛은 다 거기서 거기. 베트남 커피는 향도 좋고 맛도 제 입에 맞는데 분말이라 커피 탈 때 꼭 가루가 날려서 그것 때문에 비싸지만 이것 사게 됨. 루카스도 분말이라 아쉬움. 과립형으로 만드는 게 어려운가?,,968,6,3,0
rgw560,5,커피를좋아하는지라 하루에도 몇잔씩을 수시로 마시고있어요ㅜ 줄여야하는데ㅜ 그래도 어김없이 카누를 ㅋㅋㅋ사는곳도 늘 태풍몰에서 구매해요~배송도빠르고 상품 포장상태도좋고.구매했는데도쿠폰적용이 있어서 또 재구매로 쟁여두네요다마셔갈때쯤 재주문할게요,,969,6,4,0
kkg1618,5,7월11일 주문 13일 수요일 도착120개 두 상자+투고텀블러 하나가격 3만원오전에 두개씩 아이스로 늘 마십니다패들포인트 해볼까해서아직 한통 남았는데 미리 주문했어요이제부터 세개씩 먹어도 되겠어요^^늘 믿고 마시는 카누입니다^^,,970,6,5,0
jht343,5,디카페인 커피 찾으시는분들에게 추천이요~ 하루에 커피마시는양이 너무 많고 카페인 때문에 수면에 방해받기 싫으신분들에게 커피를 즐기시고 싶으실때 추천이요~ 사은품 블랭킷은 무릎담요나 2인용 소파에 깔정도 사이즈와 두께감입니다,,971,6,1,0
lkq1290,5,"카누 다크 로스트 아메리카노 늘 재구매하는 단골 제품인데 이번 카누 행사로 패들 포인트에 생각지도 않은 투고 텀블러까지 사은품으로 받았네요.반복되는 사은품 원하지 않아서 추가 커피가 더 있는 옵션 구매하고 있는데 이번엔 같은 가격에 기본 120티 카누 2개와 320ml 예쁜 텀블러까지 하나 더 받게 되어 기분은 좋았답니다.커피는 진한 아메리카노 좋아해서 미니 다크만 마시는데 다크 로스팅으로 볶은 콜롬비아, 과테말라, 브라질 원두를 블렌딩해서 원두 본연의 향미가 진하고 입맛에도 딱이여서 매일 일상의 시작부터 마무리까지 항상 수시로 맛있게 즐기고 있는 카누 미니 다크 로스트 오늘도 대만족합니다.",,972,6,2,0
rwf293,5,전에 샀던거보다 유통기한이 쪼금 짧았어요저렴하게 샀어요 마트에서 사면 비싸서 항상 여기서 구매해요평소엔 미니 다크 카누 물 조금 많이 넣고 마시고 졸리때랑 간식이랑은 조금만 넣고 마십니다,,973,6,3,0
rgw561,5,내사랑 카누♡내친그 카누♡내짝꿍 카누♡늘 먹던 120포짜리가 아니라 행사용하고 남는거 보내주시는거 같아 살짝이 당황하긴 했지만~~~늘 그렇던 듯~~~ 조용히 정리해주시는 나~ㅎㅎㅎㅎ카누없인 못사는 1인입니다ㅎㅎㅎ울 공유옵빠때매도 못끊는다 아주...ㅠㅠㅠㅠ,,974,6,4,0
kkg1619,5,"카누 라이트, 여름에 산뜻하고 가볍게 마시기 좋아요.패들 포인트 행사도 있고 원터치 보온 물병 사은품도 좋아요.물병 색은 민트색 2개 왔어요. 색을 섞어 보내주셨으면 더 좋았을 듯",,975,6,5,0
jht343,5,연휴때 구매했는데 연휴 끝나자마자 도착했네요!카누를 인스턴트 커피중에 제일 좋아하는데 저렴하게 잘 구매했어요!!전에 구매했을땐 유통기한이 거의 1년 이상인 경우도 있었는데 이번엔 두박스인데 올해 11월까지라 좀 짧은감이 있네요~,,976,6,1,0
lkq1290,5,카누 미니를 너무 사랑하는 1인입니다.다크는 좀 찐해서 연한 커피 좋아하는 저는마일드로 선택했어요. 나날이 오르는 커피값에조금이라도 저렴하게 구입하고자 열심히비교하고 구매했네요. 유통기한이 긴것 같지는않지만 그안에 다 마실듯 싶어요.,,977,6,2,0
rwf293,5,아주 저렴하게 잘 샀습니다.사은품도 매우 만족스럽습니다.다만 랜덤 발송이더라도 똑같은 종류로 온 것이 아쉬움으로 남습니다.바쁘시더라고 2개이상 구매자에게는 다른 사은품을 섞어주시면 더 좋겠습니다.,,978,6,3,0
rgw561,5,커피를 간편하게 먹어야할때는왠흐만하면 카누만 먹게 되네요향도 다른것보다 진하고 차가운물에도 잘 녹아서 좋은것 같아요배송도 빠르고 가격도 저렴해서 매우 만족합니다,,979,6,4,0
kkg1619,5,카누 다크가 제일 맛나요~!! 미니다크이지만 하루 종이컵 1잔으로 커피 건강 채우고 있습니다 ㅎㅎ 피로함도 쫙 풀리고 좋아요. 배송도 빠르고 잘 마실게요~~,,980,6,5,0
jht343,5,"카누는 처음이에요.이제 여름이라 아이스 아메리카노로 마시려고구매했습니다. ^^배송은 빨랐는데, 겉 포장 바로 위에 송장이 붙어와서 선물용으로는 힘들 것 같아요~",,981,6,1,0
lkq1290,5,믿고 먹는 카누죠^^아이스로 먹어도 뜨시게 먹어도 좋은 카누장바구니 쿠폰으로 평소보다 저렴하게 샀고작은상자로는 처음 샀는데회사 들고 가서 먹기도 좋아요~ 혼자 먹을 때~~,,982,6,2,0
rwf293,5,평소에 믹스커피를 즐기는 편인데 요즘 갑자기 더워져 카누에 얼음넣고 시원하게 마시니 고소하고 뒷맛도 깔끔해서 괜찮더라구요 그래서 커피취향 좀 바꿔보려고 주문했는데 저렴하게 잘 산거 같네요,,983,6,3,0
rgw561,5,"추가할인 있어서 득템 했어요. 배송은 늘 바로 보내주시고 다음날 받는데, 요즘은 택배대란이라 하루이틀 더 걸릴때도 있어요.유통기한 내년 1월로 거의 1년정도 여유있어요. 진하고 씁쓸하니 좋네요~",,984,6,4,0
kkg1619,5,십일절 행사기간에 늘 쟁여두는 제품이예요카누도 인상된다는 소식을 듣고 좌절 ㅠ월급은 안오르는데.. 흠..그래도 이번 행사기간에 장바구니 쿠폰적용해서저렴하게 겟했네요 ㅎㅎ한동안은 걱정없이 마실듯 ㅎㅎ,,985,6,5,0
jht343,5,큰상자한통보다는 작은상자 여러개가 집에서는 편하네요.큰통은 한꺼번에 쏟아져내리기도 하고 높이가 앉맞을때도 있어요.늘 먹는카누 11번가에서 싸게 잘샀어요.,,986,6,1,0
lkq1290,5,밖에서 사먹는 아메리카노랑 그렇게 많이 차이가 안나요스벅 큰 텀블러에 3개 녹여서 매일 타먹는데 여기사 파는게 젤 저렴하네요 유통기한도 22.9.10일까지 넉넉해서 좋아요 배송도 빨리왔고 잘먹을께요,,987,6,2,0
rwf293,5,카누 디카페인 미니 100T와 블랭킷 셋트 잘 받았어요. 박스 포장되어 배송도 빨리 왔어요. 디카페인이라 저녁에 마셔도 부담이 없어서 좋고 무엇보다 카누는 맛이 괜찮으니 자주 사먹게 되네요.,,988,6,3,0
rgw561,5,"아침엔 따뜻하게 한 잔 먹고,오후엔 얼음 넣어서 아이스로 먹어요 ㅎㅎ제 입맛엔 카누가 최고!",,989,6,4,0
kkg1619,5,"처음에 패들이 없는 제품으로 와서 당황했지만 맞교환으로 바로 처리해주셔서 담날 바로 받았어요~!빠른처리 감사합니다~ 스텐머그 좋구요, 같이 온 시그니처머그컵세트도 잘 쓸것 같아요~",,990,6,5,0
jht344,5,패들포인트도 필요하고 커트러리도 갖고싶어서 주문했는데 저렴하게 구입해서 좋아요~마트보다 대략 4천원이상 저렴해요~커트러리 생각보다 예쁘고 좋아요~배송도 빠르고 완전 만족합니다~^^,,991,6,1,0
lkq1291,5,한번씩 달달한거 먹고 싶을때블랙보다는 설탕 좀 들어간걸 먹어요~물대용으로 물 많이 타서 시원하게 먹음 그것도 좋네요,,992,6,2,0
rwf294,5,맛있어요 오래전 주문했는데 지금 리뷰 작성하네요사은품보다 커피 20개 더 들어있는게 좋은데 그렇게 와서 너무 좋았어요 배송도 빨랐고 늘 즐겨먹는 커피에요다 먹고 또 주문할게요,,993,6,3,0
rgw562,5,아침에 매일 하나씩해서 먹는 제품입니다.. 그리 쓰지도 않고.. 제 입맛에 맞아서 카누만 시켜 먹고 있습니다^^ 여름에는 아이스로..겨울에는 따뜻하게.. 커피향도 좋고 계속 애용할 듯 합니다ㅎ,,994,6,4,0
kkg1620,5,진짜 스틱커피중에 카누가 젤 맛있어요매번 떨어지기 전에 항상 저희집에선 쟁여놔요마침 싼 가격에 올라와서 구매했어요마트보다 저렴해서 좋습니다다 먹고 재구매 할게요^^,,995,6,5,0
jht344,5,커피를 좋아하시는 엄마를 위한 선물이에요.카페인 섭취를 줄여보고자 디카페인으로 선택했어요.할인할 때마다 주문해서 쟁여놔요.아주 만족합니다. 잘 먹을게요!,,996,6,1,0
lkq1291,5,"다크만먹다가 마일드 처음 시켜 먹어봤는데부드럽고 맛있어요~ 진한커피 좋아하는거면 다크가 답이에요배송은 무지 빠르고, 한박스에 잘 포장되서 배달？獰楮？",,997,6,2,0
rwf294,5,늘 먹는 카누 미니 다크로스트입니다 여기가 제일 저렴해서 여기서 구매했어요 유통기한 넉넉하고 배송빠르네요 별도의 택배상자가 없어서 테이프가 좀 많이 붙어있습니다ㅎㅎ,,998,6,3,0
rgw562,5,카누 진짜 맛있어요ㆍ그냥도 잘 녹고 얼음물에 타마시면 더 맛나고 커피숍 아아 부럽지않아요ㆍ증정 텀블러도 너무 귀엽고 예뻐요ㆍ신랑이 회사에서 쓴다고 바로 챙겨가버려서 사진은 못찍었어요,,999,6,4,0
kkg1620,5,배송이 평소보다 조금 늦었는데 다행이 이번엔 급하게 시킨게 아니라 딱 적당히 잘 도착했습니다.오랜만에 사은품이 아닌 커피로만 구성된 걸 주문했는데 좀 더 오래 먹었으면 좋겠네요.,,1000,6,5,0
jht344,5,카누 항상 너무 맛있게 먹고있어요~ 처음 배송 왔을 때 카누 검은색 박스에 테이프 붙여져 와서 당황 했지만 그 안에 작은 박스로 포장 되어있었어요! 배송 빠르고 깔끔하고 아주 좋았어요!,,1001,6,1,0
lkq1291,5,120T×2 시켰는데 30T짜리 3+1으로 2개 왔어요~ 30개짜리로 구매하고 싶을땐 잘 안나오더니 지금은 뭐든 상관없지만 좋네요~ 십일절되면 항상 구매하는 태풍몰 카누입니다~ 잘 먹을께요~,,1002,6,2,0
rwf294,5,카페에서 마시는 커피보다 맛있는 카누 커피~ 여름엔 진하게 2~3개 타서 얼음넣어 아이스로 마시면 착한 가격에도 그럴듯하고 넘 맛나는 아이스아메리카노 완성~!,,1003,6,3,0
rgw562,5,어제 주문하고 오늘 받았어요커피가 떨어져서 여기저기 가격 비교 해 보고 저렴한 곳으로 골라 주문했어요선물이 랜덤 증정이라 뭐가 올까 기대했는데 텀블러 두개 색상은 다른게 왔어요,,1004,6,4,0
kkg1620,5,카누 다크 로스트 아메리카노 항상 먹는 커피 입니다.진하고 맛있어요..저렴한 가격에 갯수도 많아 당분간 커피는 안 사도 되겠어요..잘먹을게요~~^^,,1005,6,5,0
jht344,5,카누는 맛이 보장되어 있어서 믿고 구매할 수 있지요.사은품 스탠컵도 단단하니 퀄리티 좋아보이네요. 무게감이 있어요.만족합니다.,,1006,6,1,0
lkq1291,5,항상 카누만 먹게되네요. 이것저것 할인받아 착한가격에잘구매했어요. 미니라 휴대하기도 편하고 찬물에도 잘녹아서 아이스던 따뜻한거던 잘먹고있어요,,1007,6,2,0
rwf294,5,일단 배송은 빨랏구요박스도파손없이 잘받았네요사무실에서 마실용도로 항상구입하는데 일반마트보다 저렴하게 잘산거같구 사은품도 생각보다 이쁘더라구요~다음에도 또구매할렵니다,,1008,6,3,0
rgw562,5,카누 맛있어서 큰 걸로 주문했습니다발송이 굉장히 빨라서 하루만에 받았어요유통기한은 23년 1월 25일로 넉넉해요마일드로스트는 다크로스트에 물 많이 탄 맛인 거 같다는 후기를 보고 다크로스트로 선택했더니 가족이 마일드보다 맛있대요,,1009,6,4,0
kkg1620,5,예상보다 늦게 와서 커트러리 가지고 가진 못했지만 마침 카누 떨어져서 사은품도 마음에 들고 좋네요 커트러리는 연마작업해야해요 시커멓게 묻어나와요 ㅎ,,1010,8,5,0
jht345,5,패들이벤트로 다양한 커피를 사보려고 주문했어요~달아서 많이 안마실 것 같긴한데 아이스로 타서 마셔야겠어요~ 텀블러는 검정색이 왔는데 깔끔해서 맘에 들어요~,,1011,8,1,0
lkq1292,5,십일절행사로 저렴하게 구매했습니다. 매번 여기서 구매하는데 배송도 빠르고 좋습니다. 박스포장으로 잘 왔고요 유통기한 넉넉하고 만족합니다^,,1012,8,2,0
rwf295,5,항상 빠른 태풍몰~ 이번에는 130개네용ㅎㅎ 제일좋은 딜같아요! 싸게 사서 좋아요! 민트초코도 맛보고 싶은데 인기가 넘 많아서 나중에 시도해봐야겠어요 유통기한은 동영상내에 있습니당,,1013,8,3,0
rgw563,5,통신사 멤버쉽 할인 받아서 아주 싸게 잘 샀네여.사은품으로 온 텀블러도 예쁘고 유통기한도 길어서 좋네여.배송도 빨라여.,,1014,8,4,0
kkg1621,5,평소에 디카페인을 일부러 먹진 않는데 패들이 필요한김에 언니들 주려고 구매했어요~텀블러도 각각 다른색상으로 보내주셨고 생각보다 괜찮아서 잘 쓰겠습니다~,,1015,8,5,0
jht345,5,그 전에는 출근 전에 늘 커피한잔 사가는데카누 주문한 이후로 커피값 많이 아끼게되네요.배송도 빠르고 제품도 너무 만족스럽고여전히 잘먹고있습니다.,,1016,8,1,0
lkq1292,5,어머 지난번산거보다 유통기한 ？羔？ 짧은걸 주셨나요..공지가있던걸 제가 못본걸까요...두달전인가 산것도 12월까진데 이건 8월까지네요...240개샀는디...,,1017,8,2,0
rwf295,5,"저의 최애커피입니다. 카누가 3종류가 있지만 다크는 제입맛에 쫌 쓰고 라이트는 너무 가볍고, 마일드미니는 향도 좋고 목 넘김이 너무 만족스러워 또 주문햇내요!!",,1018,8,3,0
rgw563,5,포장이 별루예요 선물용으로 사면 안될듯해요태풍몰은 배송이 빨라서 좋네요~ 유통기한도 넉넉해서 좋습니다,,1019,8,4,0
kkg1621,5,"요즘 삶에서 커피는 빼놓을 수 없죠. 따뜻한 우유에 타서 라떼로 먹기도 좋고, 그냥 마셔도 좋고~ 동네 마트보다 저렴하여 2통 구매 하였습니다.",,1020,8,5,0
jht345,5,어제 주문했는데 오늘 바로왔네요정말 태풍몰 빠릅니다늘 여기가 제일싸고 배송 굿입니다지난달산게 아직100티정도 남았는데십일절로 싸서 한박스 쟁여놓으려 또사게되네요날씨가 추워지니 아무래도 더먹게됩니다~,,1021,8,1,0
lkq1292,5,카누가 가격이 많이 올랐지만 맛있어서 계속 구매하게 됩니다~ 리뷰가 조금 늦었지만;; 받을때 기한도 넉넉하고 배송도 빨라서 좋았어요^^,,1022,8,2,0
rwf295,5,말할필요 있나요 카누야 뭐 맛있는거 다 알잖아요기본이상은 하는 커피라서90개 짜리 통보다는 30개짜리로 사니까사무실에도 한박스씩 나눠서 가져가기도 좋아요,,1023,8,3,0
rgw563,5,유통기한 23년 4월 24일까지인 제품으로 받았습니다. 유통기한 내에 다 먹을 수 있을런지ㅠㅠ 마일드만 먹다가 다크도 맛있어서 재구매했습니다. 배송 빨라요,,1024,8,4,0
kkg1621,5,가격대비 아주 만족합니다.배송두 빠르고 안전하게 잘 왔어요항상 구매해서 아주아주 만족하면서사용중입니다.싼 가격에 살수있어서 너무 좋아요.앞으로도 계속 번창하시구 감사합니다,,1025,8,5,0
jht345,5,인스턴트 커피중 카누가 개인적으론 제일 맛있어서 늘 구입해요스틱이라 간편하고 너무 좋아요배송 또한 하루만에 도착하고 빨라요,,1026,8,1,0
lkq1292,5,저는 3년 전까지 믹스커피만 먹다가 카누로 바꿔 3년째 먹는 중인데 믹스보다 비싸지만 커피는 역시 카누가 제일이네요. 향도 깊고 은은하니 기분도 너무 좋아요.,,1027,8,2,0
rwf295,5,"믿고 마쉬는 카누, 솔직히 별다방보다 좋습니다^^유통기한은 11월 21일까지고, 사은품 없이 20개 더 들은거 저렴하게 사는게 좋아요",,1028,8,3,0
rgw563,5,돌체라떼 배송좀걸린듯해요 아메는 일찍오던데유통기한길고 쿠폰써서 저렴하게 구입해서 좋아요돌체라떼 달달해서 어른들도 좋아해요,,1029,8,4,0
kkg1621,5,맛있어요 시그니처에요 향도 좋고 색깔도 좋아요 커피의모든 가치를 이 한잔에 담아라는 문구에 걸맞는 맛이에요 행사로 저렴하게 구입했어요,,1030,8,5,0
jht346,5,카누야 워낙유명하니ㅎ법랑은 생각보다 작은데 에스프레소처럼 찐하게 타먹을때 쓰면 좋을듯해요^^,,1031,8,1,0
lkq1293,5,아메리카노를 즐겨먹어서 항상카누 구비해놓고 마셔요다른커피마셔봐도 카누만한게 없더라구요연하게 마시는편이라 미니사이즈라도다크는 두번 나눠먹으니 딱좋네요구성좋게 구입했어요,,1032,8,2,0
rwf296,5,뮈. 늘 챙겨먹는 커피라 떨어지지 않게 쟁여요. 그때마다 싼 곳을 찾아 사는데 몇개월 전보단 가격이 몇천원씩 다 올랐네요. 가볍게 먹기 좋은 가격이에요.,,1033,8,3,0
rgw564,5,"제 입맛엔 카누가 최고입니다ㅎㅎ집에 항상 쟁여두고 먹어요.여름엔 아아로 먹고, 추울 땐 따뜻하게 호로록ㅎㅎ",,1034,8,4,0
kkg1622,5,시부모님이 항상 카누만 드셔서 행사할 때마다구매하게 되는 것 같아요^^이번에도 배송 빨랐구요.유통기한이 2022년12월이라 넉넉해요.두분이 매일 드시기에 120개가 금방 사라져요^^,,1035,8,5,0
jht346,5,맥심 모카골드와 함께 사무실 필수 구비템이에요.간편하게 물에 타서 먹을 수 있어 좋습니다.배송도 빠르고 만족해요!,,1036,8,1,0
lkq1293,5,"배송도빠르고,포장도 간단하고꼼꼼해요.할인많이받아서 저렴하게 구매했어요.유통기한도 아주길어요 ^^",,1037,8,2,0
rwf296,5,새로 나왔다길래 한 번 구입해봤어요. 쓴맛이 덜해서 마시기 편하네요. 사은품 머그도 커피한잔 하기에 알맞고 귀여운 크기라서 잘 쓰고 있어요,,1038,8,3,0
rgw564,5,"사무실에서 늘상 구비해 놓는 카누 아메리카노에요. 하나씩 꺼내 타마시기도 좋고 따뜻한 물, 찬물 가리지 않고 잘 녹아서 항상 주문하고 있습니다.",,1039,8,4,0
kkg1622,5,배송하루만에와서 좋아요카누 돌체라떼 달달해서 어른들도 좋아하시네요다른곳보다 싸게 구입할수있어좋아요유통기한도 길어서 좋아요,,1040,8,5,0
jht346,5,늘 즐겨마시는 카누~♡ 기분따라 한개 혹은 두개씩 먹기도 하고..요즘엔 날이 더워 아이스로 먹는데 아주 맛있어요. 사먹는 커피 못지 않네요~,,1041,8,1,0
lkq1293,5,카누도 탐나고 스테인리스컵도 탐나고 가격도 할인받아 좋아서 얼른구매했어요~,,1042,8,2,0
rwf296,5,늘 사는거여서 이제 할말도 없지만 유효기간 길고 맛있고 여름에 시원하게 땀찔찔 흘리며 출근해서 얼음카누 한잔! 업무시작,,1043,8,3,0
rgw564,5,배송빨라좋아요카누 다크로스트 한잔씩마시기 좋은양인것같아요오늘온거는 유통기한 내년7월까지네요유통기한길어서 좋아요 쿠폰행사 또했으면 좋겠어요,,1044,8,4,0
kkg1622,5,배송 광속입니다. 엄청 빠르네요. 그리고 사은품인 스뎅컵도 좋습니다. 카누야 원래 맛있어서 맛은 확인할 필요가없네요.,,1045,8,5,0
jht346,5,배송 롯데택배로 빨리와서 좋아요카누 다크로스트미니 유통기한길어요 한동안커피걱정없을꺼같아요텀블러 용량도좋고 갖고다니기 부담스럽지않아좋아요,,1046,8,1,0
lkq1293,5,꾸준하게 재구입 중인 카누에요. 다른 아메리카노도 많지만 기본적으로 늘 구비해 두게 되네요. 유통기한 넉넉한 상품으로 잘 받았습니다,,1047,8,2,0
rwf296,5,항상 먹는 제품 다른제품과는 미묘한 맛 차이가 있어 항상 믿고 구매합니다. 요즘은 하나는 종 작은 듯 하고 두개 사용하자니 진하고 그러하네요.,,1048,8,3,0
rgw564,5,잘 받았습니다. 많이 파세요. 항상 마시는거라.여분으로..냉커피 타니 많이 먹혀요...저렴하게 구매 했네요. 가장 핫한 커피,,1049,8,4,0
kkg1622,5,매달 11절에 꼭 사는 품목이에요.이번엔 유통기한도 길어서 더 좋네요.사은품 컵은 예쁜데 작아요.,,1050,8,5,0
jht347,5,항상 카누만 구매해요 다른 제품들도 마셔봤는데 늘마시던거라그런건지 전 카누가 젤맛있더라고요 찬물에도잘녹아서 아이스해마시거나 작은 생수병에 그냥타도되고요,,1051,8,1,0
lkq1294,5,"다크를 좋아하는데 라이트맛이 궁금하기도 하고 패들이벤트도 있고 해서 구매했어요~깔끔한 맛이라 맘에 들고, 텀블러도 핑크 민트 이뻐요~",,1052,8,2,0
rwf297,5,카누 맛있어요 행사로 120개를 저렴한 가격에 구입했어요 요즘에는 카누가 대세네요 다 이것을 위주로 드시는걸 보면 카누가 대세에요,,1053,8,3,0
rgw565,5,카누 다크 깊고 강한 우드향과 강렬함에 참 좋아하는 커피에요. 쿠폰할인까지 정말 저렴하게 잘 구입한 것 같아 만족합니다!!,,1054,8,4,0
kkg1623,5,이번에두 캠용품 행사로 인해서 주문했네요사무실서도 늘 마시는거라 ㅋㅋㅋ안에 텀블러두 깔끔하고 색도 이뿌네요꼭 캠용품 성고 되기를~여러분도 성공하세요^^,,1055,8,5,0
jht347,5,배송빨라좋아요카누 다크아메리카노 패들도있어 구매했는데 다른곳보다 저렴하게팔아서 좋아요유통기한도길고 쟁겨놓고 먹어도될것같아요,,1056,8,1,0
lkq1294,5,카누만 마셔서 자주 구매 하게 되는데 두박스 구성있어서 구매해요 . 조금 더 할인 해주시면 좋겠네요맛도 좋고 배송도 빠르고 좋아요,,1057,8,2,0
rwf297,5,카누를 항상 즐겨마시는데 11번가에서 제일 저렴하게 샀어요. 커피향도 좋고 간단하게 먹기 편해요~다시 구매의사 있습니다,,1058,8,3,0
rgw565,5,이디야 토피넛이랑 같이 섞어 마실려고 샀어요! 카누는 워낙 유명하기도 하고 맛도 좋아용 유통기한은 1년도 안 남았네요ㅠㅠ 240개 다 먹을 수 있을지 모르겠어요,,1059,8,4,0
kkg1623,5,맥모골도 맛나지만건강을 위해 깔끔한 카누 주문요제 입맛엔 다크가 맞네요추천할만한 제품인듯요한번 드셔보세요^^,,1060,8,5,0
jht347,5,카누다크는 매번 잘마시고있는 커피에요마침 싸게 딜이떠서 구매했습니다매번 이곳에서 질 시켜먹고있어요다 먹을때쯤 딜 또 떳으면 좋겠네요 ㅎㅎ,,1061,8,1,0
lkq1294,5,엄마가 좋아하시는 커피라 항상 구매하고 있는 제품인데 유통기한도 넉넉하고 머그컵 두개도 같이 와서 너무 좋네요.,,1062,8,2,0
rwf297,5,배송빠르고 카누블랙 미니 쟁여놓으면서 마셔요 커피 상자에 딱 맞는 상자에 넣어보내줬어요 여기가 가장 저렴한것 같아 추천입니다,,1063,8,3,0
rgw565,5,커피로만 보통 주문하는데 이번엔 보냉병이 필요해서 사은품구성으로 주문했어요 커피는 항상 다크로 라떼 주로 먹어요~,,1064,8,4,0
kkg1623,5,항상 떨어지지않게 구매하는 제품이에요 맛있고 다크로스트가 입맛에 딱맞아요~ 유통기한도 넉넉하고 배송도 빠릅니다,,1065,8,5,0
jht347,5,여기 배송빨리와서 좋아요카누다크로스트 아아로도 맛있어요 물에잘녹아좋아요유통기한길고 다른곳보다 저렴해서 좋아요,,1066,8,1,0
lkq1294,5,커피는 역시 카누입니다씁쓸하니 맛도 좋고 향도 좋은제품입니다매번 떨어지기가 무섭게 구매하네요감사합니다 잘먹겠습니다,,1067,8,2,0
rwf297,5,항상커피는태풍몰에서 재구매배송도구매다음날이면받고늘 빨라요이번엔택배사문제로배송이 너무느렸지만항상판매자님배송에 만족해서구매합니당^^,,1068,8,3,0
rgw565,5,배송이 미쳤습니다. 어제 낮에 주문했는데 오늘 낮에 도착했어요. 카누야 맛은 다들 잘 아실 거니까 맛 평가는 넘어갑니다. 진짜 미친 배송 ㄷㄷㄷ 감사합니다.,,1069,8,4,0
kkg1623,5,"포장이 박스에 담겨오지않고 그냥 테이프로만 붙여서 온 그 부분은 좀 별로였지만, 그래도 싸게 잘 구매해서 좋아요 맛있게 잘 먹을게요~",,1070,8,5,0
jht348,5,배송 빠릅니다 가격도 적당하네요포장은 일반적이고요전체 금액 나누기 갯수 따져보니 가격이 착하네요 많이 파세요,,1071,8,1,0
lkq1295,5,카누 더블샷라떼 주문하면서 같이 구매했어요. 카누는 사랑입니다 ? 모든 커피가 실망시키지 않는 맛이에요. 십일절덕에 좀 더 저렴하게 구매해서 좋아요 ^^,,1072,8,2,0
rwf298,5,잘 받았어요카누는 십일절에 사는게 가장 저렴한거 같아요쟁여둬야 맘 편한 카누 맛있게 잘 마실게요감사합니다,,1073,8,3,0
rgw566,5,역시나 태풍몰!박스포장으로 안전하고 빠르게 잘 왔어요.배송도 빠르고 유통기한도 넉넉해요.텀블러도 마음에 드네요^^,,1074,8,4,0
kkg1624,5,입덧때 너무 모든게 다 역해서 물에 몇알갱이 보리차처럼 아~~주 연하게 먹었어요. 그럼 좋더라구요.향도좋고 맛도 좋아요,,1075,8,5,0
jht348,5,유통기한 그나마 길어서 다행이에요정수물에 (125cc) 두봉뜯어 섞어준다음 얼음한컵반 넣고 냉수125cc 넣고 먹음 울집최고커피1호점이에요,,1076,8,1,0
lkq1295,5,배송빠르고 카누 젤 저렴하게 구입한거같아요~카누먹다가 이디x꺼 시켜먹어봤는데.. 역시 카누가 최고네요,,1077,8,2,0
rwf298,5,별도의 박스도 없이 이 상태로 보내서 깜짝 놀랐어요 맛이야 카누가 최고지만 포장에 신경 쓰셔야 할 것 같아요,,1078,8,3,0
rgw566,5,항상믹스만 먹다가 마일드카누로 주문했는데 맛도 깔끔하고 은은한 향도 좋아 잘산거 같아 넘넘 좋아요.,,1079,8,4,0
kkg1624,5,배송 진짜빠릅니다카누 찐팬입니다하루 3-4잔은 눈떠서부터먹어요유효기간 내년까지 넉넉하지만한달이면 다없어집니다카누는 이곳이 가장싼거 같아요~,,1080,8,5,0
jht348,5,"집에서 먹는거라 테이프포장 상관없지만, 분리수거하려고 테이프 떼어내기가 힘들었네요. 종이테이프 이용하면 더 좋았을듯 합니다",,1081,8,1,0
lkq1295,5,100개+ 사은품은 30개 추가로 130개 들이 2박스가 옵니다. 우유 데워서 미니 하나 타고 연한 라떼로 아침에 마셔요. 유통기한 2023.4.5입니다. 싸게 잘 샀어요.,,1082,8,2,0
rwf298,5,카누만 주문해서 마셔요.다른것보다 카누가 젤 맛있는거 같아요.사무실에서 먹고 집에서도 먹고가격도 좋아요.,,1083,8,3,0
rgw566,5,배송빠르고 텀블러사은품 괜찮아요십일절 쿠폰적용하여 나름 저렴하게 구매했네요좀더저렴한 루카스 구매하려다 카누가 더맛있는거 같아구매했어요,,1084,8,4,0
kkg1624,5,십일절 행사로 저렴하게 구매했습니다. 제조일3월달로 유통기한 넉넉하고요. 별도의 박스포장없이 와서 포장은 별로네요.,,1085,8,5,0
jht348,5,언제나 식후에 마시는 커피라서 4박스 시켯는데 향도 좋고 유통기한도 넉넉해서 그 동안 잘먹을수 잇습니다 배송빠릅니다,,1086,8,1,0
lkq1295,5,배송은 어제주문해서 오늘 받아서 좋네요디카페인 100T+랜덤사은품 2개 주문했는데120T 2개가 왔네요랜덤 사은품이 +20T 였나보네요ㅋ,,1087,8,2,0
rwf298,5,오래간만에 좋아하는ㅇ커피를시켰네요11절할인받고 저렴하게샀네요겨울이라그런지 더땡기는듯맛있게먹고 다시들릴게요,,1088,8,3,0
rgw566,5,패들때문에 급하게 구입했는데역시 태풍몰이네요! 칼배송 감사합니다 ㅎㅎ내일왔으면 클날뻔했는데 ㅎㅎ맛있게 잘먹을게용!,,1089,8,4,0
kkg1624,5,여기가 저렴한편이여서 주문했고사무실에 카누없으면 무슨 재미로 출근하나여아침에 연하게타서 얼음넣고 마시면 최고에여,,1090,8,5,0
jht349,5,저렴한 가격 최고의 맛푸짐한 사은품커피 인터넷에서 산것중에 가장 만족스럽게 구매하였습니다.다음에도 꼭 구매하겟습니다,,1091,8,1,0
lkq1296,5,배송 너무 빨라요항상 마시는 카누라 맛있게 먹어요유통기한도 2022년 11월11일까지 내년이라 넉넉해서 만족합니다,,1092,8,2,0
rwf299,5,항상 마시는 카누난 마일드가 순해서 좋아요좋은제품 저렴하게 잘 샀어요.유통기한은 1년정도 남았네요,,1093,8,3,0
rgw567,5,적은양으로도 맛을 확실히 내는 제품이네요. 내려먹는 커피가 귀찮은 요즘 대체재로 괜찮아요. 맛있게 먹겠습니다.,,1094,8,4,0
kkg1625,5,카누는 집에서 홈카페 즐기기 좋아요~ 찬물에도 잘 섞여서 아이스로 마시기도 편해요~ 누구나 편하게 즐길수 있는 카누~ 좋아요~~,,1095,8,5,0
jht349,5,항상 애용합니다. 십일절행사로 저렴하게 구매해서 좋아요. 유통기한 넉넉해서 미리미리 구비해 놓습니다.,,1096,8,1,0
lkq1296,5,배송생각보다 빨리와서 좋아요카누 다크로스트 아메리카노 쿠폰써서 저렴하게 구입 했어요유통기한도 길어서 좋아요,,1097,8,2,0
rwf299,5,태풍몰 배송빨라 맘에들어요유통기한넉넉하고 텀블러도 용량딱적당하고좋아요쿠폰써서 저렴하게 구매해서좋아요,,1098,8,3,0
rgw567,5,부모님이 항상 카누를 드셔서 구입후 보내드렸어요...저도 카누를 좋아해서 디카페인으로 매일 2잔 이상을 마시는것 같아요,,1099,8,4,0
kkg1625,5,재구매 의향 있습니다.좋은 제품 좋은 가격 만족하구요. 누구나 좋아할만한 호불호 없는것이 아주큰 장점이네요.,,1100,8,5,0
jht349,5,ㅁㅏ침 커피가 딱 떨어졌는데 쿠폰 적용받아서 저렴하게 샀어요~카누는 계속 태풍몰 이용중이고 유통기한은 올해12월까지예요!,,1101,8,1,0
lkq1296,5,카누만 마시는데 십일절 쿠폰으로 다크랑 마일드 2개 구입했는데 배송도 빠르고 유통기한도 길어요.유통기한 다크230424 마일드230510,,1102,8,2,0
rwf299,5,엄마가 커피 주문을 항상 해달라고 하셔서 구입을 했는데 살짝 실망이긴해요 ㅠㅠ 기스난곳도 있고 얼룩도 있구요... 너무 기대를 했나봐요~~,,1103,8,3,0
rgw567,5,가격이 가장 맘에 들었어요 아무래도 카누가 비싸다보니 가장 저렴한곳을 찾게 되거든요~,,1104,8,4,0
kkg1625,5,좋은가격에사서 좋습니다. 배송도 빠르고 맘에 듭니다.재구매 할라구요 착한가격 좋은제품 너무 감사해요. 많이파세요,,1105,8,5,0
jht349,5,상품 좋고 유통기한 넉넉해서 좋고 배송 빨라서 좋고 찬물에 잘 녹아 좋고 다 좋은 거 뿐이네요ㅋㅋ 다 먹으면 또 주문할게요,,1106,8,1,0
lkq1296,5,라떼 만들어 먹어도 블랙으로 마셔도 다 맛있어요다크로스트의 묵직하고 씁씁한 맛이 좋네요몇년째 계속 이용하고있어요,,1107,8,2,0
rwf299,5,배송빠르고 잘 받았습니다다른제품 구입하면서 커피도 같이 구매했네요유통기한도 넉넉하니 좋습니다,,1108,8,3,0
rgw567,5,2022.08.25일 까지구매한지 오래되어 몇개남지 않음깔끔해서커피？ 못가는 날엔 필수템잘 먹고 있음,,1109,8,4,0
kkg1625,5,카누가 삼실에서 먹기 젤 맛있어요사은품 텀블러 넘좋아요 요만한 사이즈 필요했는데딸이랑 하나씩 사이좋게 나눠쓸께요^^,,1110,8,5,0
jht350,5,"부담없이 먹는커피이지만, 스테인레스 컵때문에 충동구매하겠되었네요^^산에 올라가서 따스한 커피 잘먹겠습니다.",,1111,8,1,0
lkq1297,5,항상 마시던건데 저렴하게 구매했어요 잘 마시겠습니다 배송도 빠르고 유통기한도 넉넉합니다,,1112,8,2,0
rwf300,5,카누 전국민이 다 아는 맛이 설명이 필요할까요 ㅎㅎㅎ집안에 없으면 아쉽죠 추천합니다. 저렴하게 잘 샀어요,,1113,8,3,0
rgw568,5,아 커피포인트?는없는상품이네요 텀블러두개왔어요 사우품은 맘에듬요 마일드가 더 괸찬은듯,,1114,8,4,0
kkg1626,5,유통기한이 조금짧네요? ㅠㅠ뭐그전에 다먹긴할거같지만..사은품으로 주신 컵과 트레이 너무귀여워요 엄마가 너무좋아하시네요,,1115,8,5,0
jht350,5,배송도 무지 빠르고 합배송 시켰던게 누락이 돼서연락드렸더니 확인하고 바로 보내주셨어요:)무지 친절하십니당!커피맛은 역시???,,1116,8,1,0
lkq1297,5,카누만먹다가 다른커피 못먹는다 맛있다단점은 스티커범벅해서 그대로 택배보내준다잘못오면 상자부분이 찌끄러져올때도 있다,,1117,8,2,0
rwf300,5,카누 처음 나올때부터 쭉 먹고 있습니다사무실에서도 집에서도 부담없이 즐길수 있어 좋으네요왠만한 커피숍커피보다 나아요 ㅋ,,1118,8,3,0
rgw568,5,유통기한 짧아요 싼데는 이유가~^ ^하루에 3스틱씩 강제로 먹어야될듯 ㅎ 견과류랑 일단 한잔먹어요~,,1119,8,4,0
kkg1626,5,배송하루만에와서 좋아요유통기한도 길고해서 오래두고마셔도 될것같아요패들포인트사용되서 좋아요,,1120,8,5,0
jht350,5,카누먹다 시그니처를 마셨는데 너무 맛있더라구요이참에 시그니처로 바꿨어요사은품 잔도 기여워요~,,1121,8,1,0
lkq1297,5,항상 먹는 카누커피 다크는 너무 쓰고 마일드로 구매합니다. 커트너리가 없어서 이 구성으로 사봤어요.,,1122,8,2,0
rwf300,5,130개로 2개 왔어요! 신기합니다 130짜리 있는지 몰랐어요 ㅎㅎ 다음엔 카누 새로운맛도 사보려구요. 할인 자주 부탁드려요!,,1123,8,3,0
rgw568,5,컵이 생각보다 크진 않네요.손잡이 색깔이 둘다 같은게 와서 좀 아쉬워요.그래도 저렴하게 구매해서 좋네요.,,1124,8,4,0
kkg1626,5,유통기한 2023.06.12 이구요보틀이 생각보다 열고 닫을 때 쇠 소리가 나요커피맛이야 쭉 마시던거라 좋아요,,1125,8,5,0
jht350,5,하루에 몇개씩은 먹다보니 유통기한이 넉넉하다고 생각해서 구입했어요저렴하게 잘산거같아요~~다음에 또이용할게요ㅎㅎ,,1126,8,1,0
lkq1297,5,빠른 배송 감사합니다. 할인행사 쿠폰써서 저렴한 가격으로 잘 구매했어요. 유통기한도 양호합니다.,,1127,8,2,0
rwf300,5,유통기한 23월 3월 31일로 내년까지라 안심입니다 여름에 아이스로 먹으려고 주문했어요 찬물에도 잘 녹아서 좋아요,,1128,8,3,0
rgw568,5,항상 카누를 마셔서 카누 재주문 했어요!커피를 많이마시는편이라 많이 쟁여놔야 될것같아요ㅎㅎ다먹으면 재구매하겠습니다~!,,1129,8,4,0
kkg1626,5,늘 떨어지지 않게 구비해 두는 상품 저렴하게 잘 구매했습니다~!유통기한 23년 6월이라 여유 있어 좋았어요!!,,1130,8,5,0
jht351,5,와 저도 130개짜리로 받았네요다른 사은품 필요없고 카누 많이 들은게 최고네요!,,1131,8,1,0
lkq1298,5,카누다크로스트 미니 한잔씩마시기 좋아요쿠폰써서 저렴히샀어요 유통기한도 길고 배송도 빨라서 좋아요,,1132,8,2,0
rwf301,5,다음날 바로 배송 와버리네요!!!!!최고최고 ㅎㅎㅎㅎ믿고 먹는 카누!!무슨말이 더 필요할까요???,,1133,8,3,0
rgw569,5,23.3월까지네요10개월정도 남았고텀블러 얻을려고 주문한거지만30개나 더 주니 이것도 이득이에요~잘 마시겠습니다,,1134,8,4,0
kkg1627,5,카누만 마시는데 십일절 쿠폰으로 다크랑 마일드 2개 구입했는데 배송도 빠르고 유통기한도 길어요.유통기한 다크230424 마일드230510,,1135,8,5,0
jht351,5,티멤버십도사용해서 저렴하게 구매했습니다 여기가젤저렴해서 맥심도카누도 늘여기서 구매합니당,,1136,8,1,0
lkq1298,5,이것저것 마셔봐도 카누만한게 없네요최고로 깔끔해요택배박스없이 그냥 스카치테잎으로 둘둘 말아서보낸게 조금 아쉽지만 나머진 만족합니다,,1137,8,2,0
rwf301,5,집에서 커피마실땐 카누다크미니 즐겨마셔요 ㅎㅎㅎ커피 필수라 떨어질때마다 재구해 합니다 ^^,,1138,8,3,0
rgw569,5,항상 커피 달고사는 남편때문에 행사할때마다 쟁여놔야해서 항상 눈여겨 보고있습니다맛도 좋고 향도 좋다고 하네요,,1139,8,4,0
kkg1627,5,사무실에서 즐기는 카누카페!!!맨날시켜서 이제 할말도 없다 그냥 젤 간편하고 맛조타,,1140,8,5,0
jht351,5,너무 맛있는 카누커피~계속 구매해서 먹고있어요 하루3잔정도는 먹어줘야 속이 편하네요^^,,1141,8,1,0
lkq1298,5,식후에 늘 먹던 커피인데 커피 중에는 카누가 향도 좋고 맛도 좋은것 같아요 배송빠르고 잘 먹고잇습니다,,1142,8,2,0
rwf301,5,계속주문하는 카누ㅋㅋㅋ 디카페인.다크로스트.스윗로스트 다있음ㅋㅋ 먹기편해요ㅋㅋㅋ좋아용ㅋㅋㅋ,,1143,8,3,0
rgw569,5,매일먹는 카누 저렴하게 구매했어요여름에는 다크로 차갑게마시는데겨울에는 마일드향이 마시기 더 좋아요 ㅎㅎ,,1144,8,4,0
kkg1627,5,작년에 산 두 박스 다 먹어서 재구매했어요 22년 8월 3일까지예요 더운 날 물 많이 얼음 넣고 시원하게 마셔요,,1145,8,5,0
jht351,5,매번먹는커피예요~~~컵이 느무느무 귀엽네요귀여워서 실용성은....^^커피잘마실게요/~~~,,1146,8,1,0
lkq1298,5,좋은가격에 잘 구입했습니다.카누 맛은 설명이 필요없을거 같구요ㅎ배송도 빠르고 만족합니다!추천요!,,1147,8,2,0
rwf301,5,사무실에서 떨어지기 전에 미리 구입하는 카누입니다사은품 욕심 없을 때 구매하기 딱 좋아요!!!,,1148,8,3,0
rgw569,5,한번먹어보고 맛있어서 카누 마일드로스트만 계속 구매하고있어요 따뜻하게도차게도 마시는데 둘다 맛있어요,,1149,8,4,0
kkg1627,5,엄청 빨라용 ㅋㅋㅋ 늘먹던거라 ㅋㅋㅋ 시켯네용 ㅋㅋㅋ랜덤사은품이라길래 뭘까하고 시켯능데 ㅋㅋㅋ텀블러 굳?! 근데ㅜㅠ검은색이엿으면...좋앗을걸...ㅜㅜㅜ하는 아쉬움이....ㅜㅠ,,1150,8,5,0
jht352,5,가격대비좋아용 피곤할때카누를즐겨마시곤해용 유통기한도긴거로부탁드렸는데그렇게해주시고감사합니당~^^,,1151,8,1,0
lkq1299,5,매번 구매하는 상품이에요 커피중에 카누가 젤 맛있어서 안떨어지게 구매하고있어요!!,,1152,8,2,0
rwf302,5,배송 진짜 빠르네요항상 먹던거라 굿~~생각보다 유통기한이 짧아요 1년은 되야하는데 8월까지라 아쉬워요,,1153,8,3,0
rgw570,5,항상 구매해놓는 제품입니다 여름엔 아이스로 겨울엔 따뜻하게해놓고 직장에서 하루종일 마십니다 카누만한게 없죠,,1154,8,4,0
kkg1628,5,배송도 빠르구 가격도 착하고 너무 만족스럽습니다.회사사람들이 카누만 좋아하네요.저두 카누 너무 좋아요!,,1155,8,5,0
jht352,5,배송생각보다 빨리와서 좋아요텀블러 랜덤이라 골드 블랙 두종류와서 좋아요유통기한도 길고 저렴히구매해서 좋아요,,1156,8,1,0
lkq1299,5,같이온 텀블러가 너무귀엽고 실용적이네요 ㅎㅎ 카누는 뭐말할것도없이 맛잇죠?,,1157,8,2,0
rwf302,5,식후 늘 카누를 마신답니다 진짜 너무 맛있어요 떨어지면 쟁이고 쟁이고~~그간모은 텀블러도 많고 너무 좋아요,,1158,8,3,0
rgw570,5,작년12월에 구매해서 거의다 먹어가네요 카누커피향 정말 좋아요 곧 또 주문할때 되어갑니다,,1159,8,4,0
kkg1628,5,매일 마시는 카누예요 찬물에도 잘 녹아서 좋아요 배송 완전 빠르게 왔고요 유통기한도 넉넉하니 좋네요,,1160,8,5,0
jht352,5,유통기한 2023년 6월 16일패들 커트러리 때문에 구매했는데배송도 빠르고 상품구성은 여기가 젤 다양해요.,,1161,8,1,0
lkq1299,5,행사가로 잘샀네요~텀블러도 너무 좋아요유통기한도 넉넉하고배송도 빠르고 늘 만족합니다.,,1162,8,2,0
rwf302,5,항상 맛있게먹고있어요.가루형커피중에 아메리카노 1위는 카누예요!!!,,1163,8,3,0
rgw570,5,좋아요항상 카누 마셔요내 손 안에 작은 카페 카누~~~아이스로 이렇게 해서 자주 마시네요,,1164,8,4,0
kkg1628,5,잘 받았습니다 배송이 신속했습니다 자주 주문하는 제품입니다 내려마시기 귀찮을 때 물이나 우유에 타먹고 있습니다,,1165,8,5,0
jht352,5,항상 떨어지면 시켜두는 품목이라서재고가 남아도 부지런이 시킵니다.항상 여기서만 시켜요!! 가격이 합리적이거든요 !!,,1166,8,1,0
lkq1299,5,유통기한도 넉넉하고 배송도 빨라요:)집에서 늘 카누만 마셔서 쟁여두니 든든하고 좋네요감사합니다:),,1167,8,2,0
rwf302,5,배송빠르고 추가사은품도 좋아요. 유통기한은 1년정도이고 쿠폰으로 저렴하게 구매했습니다.,,1168,8,3,0
rgw570,5,사무실에 필수품입니다이번엔 사은품도 너무 이쁘네요맛있게 잘 먹을수 있어요,,1169,8,4,0
kkg1628,5,11절에 저렴하게 구매했어오포장이 좀 당황스럽네요박스에 송장붙어와요맛은 좋아요,,1170,8,5,0
jht353,5,날마다 카누로 시작해요. 아이스로 넘 맛있어요. 사은품이 없는거였네요.,,1171,8,1,0
lkq1300,5,항상 먹던거라 좋아요 가격도 저렴하게 사서 좋은데 포장상태가 항상 아쉬어요,,1172,8,2,0
rwf303,5,한달에 한통 사무실에서ㅠ먹는듯하네요 이제ㅜ여름이라 얼음카누 즐기는중! 유통기한 길지만 의미없는듯 ㅎㅎ,,1173,8,3,0
rgw571,5,배송도 빠르고 사무실에서 항상 시켜먹고있어요. 카누는 블랙은 사은품 행사가 없어서 아쉬워요.,,1174,8,4,0
kkg1629,5,좋은가격에 잘 구입했습니다.카누 맛은 설명이 필요없을같구요.정말 추천드립니다!,,1175,8,5,0
jht353,5,배송 다음날바로받을수있어 좋아요.배송빠르고 유통기한길고 쿠폰써서 저렴하게 구매해서 좋아요,,1176,8,1,0
lkq1300,5,역시 카누가 제일 진하고 맛있어요..다른 저렴한 제품 먹어봤는데 넘 흐려서 다시 카누로 왔네요^^!,,1177,8,2,0
rwf303,5,카페인 없어서 잘마시고 있어요 같이 보내주신 커트러리세트 생각보다 완전 고퀄이에요ㅋㅋ 예쁘고 오래 쓸것 같아요,,1178,8,3,0
rgw571,5,커피값 인상될 거라는 예측에 서둘러 구매ㅋㅋ 카누 다크로스트가 제일 맛있어요,,1179,8,4,0
kkg1629,5,커피 내려 마시기 귀찮을때 딱 좋아요.진해서 종이컵에 가득 물을 부어야해요.다 먹고 또 구매할게요.,,1180,8,5,0
jht353,5,항상 즐겨 마시는 카누.커피숍 커피 못지않게 맛있어요.11절 행사로 더 저렴히 구매해서 만족 두배~~^^,,1181,8,1,0
lkq1300,5,애용중인 커피중에 하나에요. 배송도 빠르고 가격도 착하고 잘 마시고 있어요. 여기가 젤 착한거 같애요. ㅋ 강추~,,1182,8,2,0
rwf303,5,좋은가격에 잘 구입했습니다.카누 맛은 최고인거 다 아시죠?추천드립니다!,,1183,8,3,0
rgw571,5,회사 사무실에 놓고 마시려고 주문했어요 많은 분들이 카누를 좋아하시더라구요~ 요즘 택배 대란이던데 빠르게왔어요,,1184,8,4,0
kkg1629,5,배송 완전 빨라요.컵도 주고 가격도 저렴하고 대박 나세요.,,1185,8,5,0
jht353,5,배송은 역시나 칼배송이요~ 담날 바로 도착했고 텀블러 필요했는데 사은품으로 잘왔네요~카누는 뭐 말안해도 맛은 만족스럽구요~,,1186,8,1,0
lkq1300,5,카누커피 미니다크 집에서도 사무실에서도 즐겨 마십니다. 아이스커피에 타서 한다 ㅋ,,1187,8,2,0
rwf303,5,배송 다음날바로와서 좋아요.할인많이받아 저렴히구매했어요.유통기한길고 맛도 괜찮아요,,1188,8,3,0
rgw571,5,요즘 집에서 라떼 만들어 먹는데 다른 제품보다 카누가 제일 맛밌었어요 ㅋㅋ 마일드 보다 다크가 더 카페에서 먹는 맛에 가까웠어요,,1189,8,4,0
kkg1629,5,태풍몰에서 여러번 주문하는데배송 진짜 빠르고 확실하게 하루만에 와요.포장 찌그러짐이나 뜯김없이 왔어요.,,1190,8,5,0
jht354,5,이전에 샀는데 재주문 하면서 생각나서 남겨봐요~ 그냥 편하게 먹기 좋아요! 캡슐처럼 쓰레기도 많이 안나오니 좋네용!,,1191,8,1,0
lkq1301,5,배송빨리해줘서 좋아요 카누다크로스트가 가볍게마시기좋은것같아요패들도 적립되고 좋아요,,1192,8,2,0
rwf304,5,항상 즐겨 마시는 카누 하루에 한 개씩은 꼭 마셔요 손님 오면 더 마실 때도 있구요 아주 좋아요,,1193,8,3,0
rgw572,5,카누 항상 먹는 제품 좋아요사은품 떨어져서 100×2 +사은품 을130개×2개 받아서 더 좋아요^^,,1194,8,4,0
kkg1630,5,배송하루만에와서 좋아요카누다크로스트 아이스로 마셔도 맛있어요쿠폰써서 저렴하게 구입했어요,,1195,8,5,0
jht354,5,늘 즐겨마시는 커피예요~ 배송도 빠르고..무엇보다 맛있기도하고 간편하게 즐길수 있어서 자주 먹게되네요.,,1196,8,1,0
lkq1301,5,늘 마시는카누떨어지기전 쟁여두고 마셔요배송도 빠르고 유통기한도 넉넉하고 재주문할게요,,1197,8,2,0
rwf304,5,카누가 맛있서 매번 구매하는 커피입니다~제품이야 말할거 없이 좋아요~~~,,1198,8,3,0
rgw572,5,배송 빨라서 좋아요카누다크로스트 미니 한번마시기 좋은양이라 좋아요유통기한도 길어서 좋아요,,1199,8,4,0
kkg1630,5,배송이 정말 빨라요. 저녁에 사면 다음날 아침 바로 배송;;유통기한도 넉넉하고 항상구매하던거라 좋네요 ㅎ,,1200,8,5,0
jht354,5,배송하루만에와서 좋아요카누다크로스트 아이스로마셔도 맛있고 딱좋은듯해요쿠폰받아 저렴히샀어요,,1201,8,1,0
lkq1301,5,아이스커피용 스틱커피는 무조건 카누에용전문브랜드 커피보다 카누가 짱입니다딜뜨면 꼭 구입하는 상품,,1202,8,2,0
rwf304,5,깔끔합니다..카누 얼음 넣어서도 먹고..운동하면서도 먹고 신랑이 좋아하네요..유통기한도 넉넉합니다.2022.01.03,,1203,8,3,0
rgw572,5,7월21일 주문22일 도착배송 엄청 빨라요카누는 맛있으니까^^유통기한2023.7.13,,1204,8,4,0
kkg1630,5,저렴하게 구매했고 빠른배송에 사은품도 챙겨주셨어요다음에 또 주문할게요 잘마시겠습니다,,1205,8,5,0
jht354,5,바닐라라떼는 품절이라 같이.못시켜서 아쉬워요 ㅜㅜ 그래도 돌체라떼라도 살수있어서 다행입니다 ㅎㅎ,,1206,8,1,0
lkq1301,5,늘 구입하는데 이번엔 배송이 넘 느렸네요 영업일 기준 5일 걸린거 같아요.,,1207,8,2,0
rwf304,5,유통기한은 22년 2월까지 넉넉해요아쉬운점은 일반박스에 담지않고 커피박스 그대로 송장이 붙어온건 좀 아쉬웠어요,,1208,8,3,0
rgw572,5,배송빠르고오프라인보다 저렴하고사은품선택 가능해서 좋네요다먹으면 다시오겠습니다많이파세요,,1209,8,4,0
kkg1630,5,사은품 넘 맘에 들어요~~~^^ 커피 오자마자 얼음 넣고 먹었는데 얼죽아는 역시 카누 ㅜㅜ 다 먹고 또 시킬게요.,,1210,8,5,0
jht355,5,항상 구입합니다. 태풍몰에서 매번 구입하네요. 사은품도 맘에 들어요. 또 구입할게요.,,1211,8,1,0
lkq1302,5,뭐니뭐니해도 편하면서도 간단하게 아아를타먹을수있는 카누ㅡ유통기한이 길어요,,1212,8,2,0
rwf305,5,배송도 빨라서 너무 좋구요 커피맛도 좋습니다 믿고 구매하는 카누!!!,,1213,8,3,0
rgw573,5,평소에 먹던 카누가 떨어져서 십일절이면 꼭 주문해요태풍몰이 제일 저렴한데 좀 더 저렴하게 구매해서 만족스러워요 ^^,,1214,8,4,0
kkg1631,5,패들에 혹해서 이미 100여개의 카누가 있지만 또 샀습니다. 맛은 좋아요. 담요도 부드럽구요.,,1215,8,5,0
jht355,5,한번 타 먹을때 4~5개씩 타 먹으니금방 먹게 되네요향과 깔끔한 맛이 좋습니다,,1216,8,1,0
lkq1302,5,배송일자 빠르고 정확해요 유통기한도 넉넉해서 좋구요 항상 여기서 사요~좋습니다^^,,1217,8,2,0
rwf305,5,유통기한은 21년 11월2일까지구요식후에 한잔마시면 깔끔하고 좋아요^^,,1218,8,3,0
rgw573,5,커피맛 좋고 제 입맛에 맞아서 항상 주문하는 제품입니다유통기한도 넉넉해요,,1219,8,4,0
kkg1631,5,박스에안넣어주시고 커피에바로테이프붙히고송장붙혀서좀 그래요..아무리포장되있어도 얇은박스에 먹는건데..,,1220,8,5,0
jht355,5,여기가 가장 저렴해서 구매 했어요.120개짜리로 두개가 왔어요.양 많아서 여유있게 먹을수 있을꺼 같네요.,,1221,8,1,0
lkq1302,5,양이 적어서 좋아요~ 한개씩 소포장이라 위생적이구요.여행갈때도 몇개씩 챙기고 우유타먹기도 하네요,,1222,8,2,0
rwf305,5,배송빠르고 유통기한도 길어서 좋네요 행사때마다 자주 구매하는 제품입니다 만족합니다,,1223,8,3,0
rgw573,5,매번 마트 행사때 사 먹었는데 11번가 행사에때 저렴 하게 구매했어요 많이 파세요,,1224,8,4,0
kkg1631,5,추석 연휴가 있어서 평소보다 배송이 조금 더 걸렸어요언제나 먹는 거라 또 시킵니다 ~,,1225,8,5,0
jht355,5,향도 맛도 넘 좋아요 지금까지G7을 먹었었는데 이제 바꿔야 겠네요 잘먹겠습니다,,1226,8,1,0
lkq1302,5,유통기한도 길고 배송도 안전하게 잘 도착하였습니다.가격대비 상품이 좋네요^^ 감사합니다,,1227,8,2,0
rwf305,5,23.6월로 유통기한 기네요..아이스로 먹는데.. 찬물에도 잘 녹고..맛나요~~텀블러도 귀엽네요.,,1228,8,3,0
rgw573,5,아메는 역시 카누가 제일 입니다~달고나커피 해먹으려 주문했어요,,1229,8,4,0
kkg1631,5,카누만 먹어요. 여름되니 더 자주 먹는데 역시 맛있어요. 사은품 텀블러도 마음에 들어요.,,1230,8,5,0
jht356,5,저렴하게 잘 구매했어요 유통기한이 12월 까지라 아쉽네요.,,1231,8,1,0
lkq1303,5,다크로스트가 입맛에 맞아서 항상 구매합니다 맛있고 저렴하게 사서 좋아요,,1232,8,2,0
rwf306,5,"배송 무척 빠르구 좋아요!!! 택배 왔을땐 당황할수 있지만, 그거 빼구 저렴해서 좋아요",,1233,8,3,0
